course_id,student_id,score,group_no,dept_no
A0000001,2021A0000001,65,10,A
A0000001,2021A0000007,97,10,A
A0000001,2021A0000008,94,10,A
A0000001,2021A0000009,91,10,A
A0000001,2021A0000010,88,10,A
A0000001,2021A0000011,85,10,A
A0000001,2021A0000017,76,10,A
A0000001,2021A0000018,73,10,A
A0000001,2021A0000019,70,10,A
A0000001,2021A0000020,67,10,A
A0000001,2021A0000021,64,10,A
A0000001,2021A0000027,96,10,A
A0000001,2021A0000028,93,10,A
A0000001,2021A0000029,90,10,A
A0000001,2021A0000030,87,10,A
A0000001,2021A0000031,84,10,A
A0000001,2021A0000037,75,10,A
A0000001,2021A0000038,72,10,A
A0000001,2021A0000039,69,10,A
A0000001,2021A0000040,66,10,A
A0000001,2021A0000041,63,10,A
A0000001,2021A0000047,95,10,A
A0000001,2021A0000048,92,10,A
A0000001,2021A0000049,89,10,A
A0000001,2021A0000050,86,10,A
A0000002,2021A0000001,73,10,A
A0000002,2021A0000002,70,10,A
A0000002,2021A0000008,61,10,A
A0000002,2021A0000009,99,10,A
A0000002,2021A0000010,96,10,A
A0000002,2021A0000011,93,10,A
A0000002,2021A0000012,90,10,A
A0000002,2021A0000018,81,10,A
A0000002,2021A0000019,78,10,A
A0000002,2021A0000020,75,10,A
A0000002,2021A0000021,72,10,A
A0000002,2021A0000022,69,10,A
A0000002,2021A0000028,60,10,A
A0000002,2021A0000029,98,10,A
A0000002,2021A0000030,95,10,A
A0000002,2021A0000031,92,10,A
A0000002,2021A0000032,89,10,A
A0000002,2021A0000038,80,10,A
A0000002,2021A0000039,77,10,A
A0000002,2021A0000040,74,10,A
A0000002,2021A0000041,71,10,A
A0000002,2021A0000042,68,10,A
A0000002,2021A0000048,100,10,A
A0000002,2021A0000049,97,10,A
A0000002,2021A0000050,94,10,A
A0000003,2021A0000001,81,10,A
A0000003,2021A0000002,78,10,A
A0000003,2021A0000003,75,10,A
A0000003,2021A0000009,66,10,A
A0000003,2021A0000010,63,10,A
A0000003,2021A0000011,60,10,A
A0000003,2021A0000012,98,10,A
A0000003,2021A0000013,95,10,A
A0000003,2021A0000019,86,10,A
A0000003,2021A0000020,83,10,A
A0000003,2021A0000021,80,10,A
A0000003,2021A0000022,77,10,A
A0000003,2021A0000023,74,10,A
A0000003,2021A0000029,65,10,A
A0000003,2021A0000030,62,10,A
A0000003,2021A0000031,100,10,A
A0000003,2021A0000032,97,10,A
A0000003,2021A0000033,94,10,A
A0000003,2021A0000039,85,10,A
A0000003,2021A0000040,82,10,A
A0000003,2021A0000041,79,10,A
A0000003,2021A0000042,76,10,A
A0000003,2021A0000043,73,10,A
A0000003,2021A0000049,64,10,A
A0000003,2021A0000050,61,10,A
A0000004,2021A0000001,89,10,A
A0000004,2021A0000002,86,10,A
A0000004,2021A0000003,83,10,A
A0000004,2021A0000004,80,10,A
A0000004,2021A0000010,71,10,A
A0000004,2021A0000011,68,10,A
A0000004,2021A0000012,65,10,A
A0000004,2021A0000013,62,10,A
A0000004,2021A0000014,100,10,A
A0000004,2021A0000020,91,10,A
A0000004,2021A0000021,88,10,A
A0000004,2021A0000022,85,10,A
A0000004,2021A0000023,82,10,A
A0000004,2021A0000024,79,10,A
A0000004,2021A0000030,70,10,A
A0000004,2021A0000031,67,10,A
A0000004,2021A0000032,64,10,A
A0000004,2021A0000033,61,10,A
A0000004,2021A0000034,99,10,A
A0000004,2021A0000040,90,10,A
A0000004,2021A0000041,87,10,A
A0000004,2021A0000042,84,10,A
A0000004,2021A0000043,81,10,A
A0000004,2021A0000044,78,10,A
A0000004,2021A0000050,69,10,A
A0000005,2021A0000001,97,10,A
A0000005,2021A0000002,94,10,A
A0000005,2021A0000003,91,10,A
A0000005,2021A0000004,88,10,A
A0000005,2021A0000005,85,10,A
A0000005,2021A0000011,76,10,A
A0000005,2021A0000012,73,10,A
A0000005,2021A0000013,70,10,A
A0000005,2021A0000014,67,10,A
A0000005,2021A0000015,64,10,A
A0000005,2021A0000021,96,10,A
A0000005,2021A0000022,93,10,A
A0000005,2021A0000023,90,10,A
A0000005,2021A0000024,87,10,A
A0000005,2021A0000025,84,10,A
A0000005,2021A0000031,75,10,A
A0000005,2021A0000032,72,10,A
A0000005,2021A0000033,69,10,A
A0000005,2021A0000034,66,10,A
A0000005,2021A0000035,63,10,A
A0000005,2021A0000041,95,10,A
A0000005,2021A0000042,92,10,A
A0000005,2021A0000043,89,10,A
A0000005,2021A0000044,86,10,A
A0000005,2021A0000045,83,10,A
A0000006,2021A0000002,61,10,A
A0000006,2021A0000003,99,10,A
A0000006,2021A0000004,96,10,A
A0000006,2021A0000005,93,10,A
A0000006,2021A0000006,90,10,A
A0000006,2021A0000012,81,10,A
A0000006,2021A0000013,78,10,A
A0000006,2021A0000014,75,10,A
A0000006,2021A0000015,72,10,A
A0000006,2021A0000016,69,10,A
A0000006,2021A0000022,60,10,A
A0000006,2021A0000023,98,10,A
A0000006,2021A0000024,95,10,A
A0000006,2021A0000025,92,10,A
A0000006,2021A0000026,89,10,A
A0000006,2021A0000032,80,10,A
A0000006,2021A0000033,77,10,A
A0000006,2021A0000034,74,10,A
A0000006,2021A0000035,71,10,A
A0000006,2021A0000036,68,10,A
A0000006,2021A0000042,100,10,A
A0000006,2021A0000043,97,10,A
A0000006,2021A0000044,94,10,A
A0000006,2021A0000045,91,10,A
A0000006,2021A0000046,88,10,A
A0000007,2021A0000003,66,10,A
A0000007,2021A0000004,63,10,A
A0000007,2021A0000005,60,10,A
A0000007,2021A0000006,98,10,A
A0000007,2021A0000007,95,10,A
A0000007,2021A0000013,86,10,A
A0000007,2021A0000014,83,10,A
A0000007,2021A0000015,80,10,A
A0000007,2021A0000016,77,10,A
A0000007,2021A0000017,74,10,A
A0000007,2021A0000023,65,10,A
A0000007,2021A0000024,62,10,A
A0000007,2021A0000025,100,10,A
A0000007,2021A0000026,97,10,A
A0000007,2021A0000027,94,10,A
A0000007,2021A0000033,85,10,A
A0000007,2021A0000034,82,10,A
A0000007,2021A0000035,79,10,A
A0000007,2021A0000036,76,10,A
A0000007,2021A0000037,73,10,A
A0000007,2021A0000043,64,10,A
A0000007,2021A0000044,61,10,A
A0000007,2021A0000045,99,10,A
A0000007,2021A0000046,96,10,A
A0000007,2021A0000047,93,10,A
A0000008,2021A0000004,71,10,A
A0000008,2021A0000005,68,10,A
A0000008,2021A0000006,65,10,A
A0000008,2021A0000007,62,10,A
A0000008,2021A0000008,100,10,A
A0000008,2021A0000014,91,10,A
A0000008,2021A0000015,88,10,A
A0000008,2021A0000016,85,10,A
A0000008,2021A0000017,82,10,A
A0000008,2021A0000018,79,10,A
A0000008,2021A0000024,70,10,A
A0000008,2021A0000025,67,10,A
A0000008,2021A0000026,64,10,A
A0000008,2021A0000027,61,10,A
A0000008,2021A0000028,99,10,A
A0000008,2021A0000034,90,10,A
A0000008,2021A0000035,87,10,A
A0000008,2021A0000036,84,10,A
A0000008,2021A0000037,81,10,A
A0000008,2021A0000038,78,10,A
A0000008,2021A0000044,69,10,A
A0000008,2021A0000045,66,10,A
A0000008,2021A0000046,63,10,A
A0000008,2021A0000047,60,10,A
A0000008,2021A0000048,98,10,A
A0000009,2021A0000005,76,10,A
A0000009,2021A0000006,73,10,A
A0000009,2021A0000007,70,10,A
A0000009,2021A0000008,67,10,A
A0000009,2021A0000009,64,10,A
A0000009,2021A0000015,96,10,A
A0000009,2021A0000016,93,10,A
A0000009,2021A0000017,90,10,A
A0000009,2021A0000018,87,10,A
A0000009,2021A0000019,84,10,A
A0000009,2021A0000025,75,10,A
A0000009,2021A0000026,72,10,A
A0000009,2021A0000027,69,10,A
A0000009,2021A0000028,66,10,A
A0000009,2021A0000029,63,10,A
A0000009,2021A0000035,95,10,A
A0000009,2021A0000036,92,10,A
A0000009,2021A0000037,89,10,A
A0000009,2021A0000038,86,10,A
A0000009,2021A0000039,83,10,A
A0000009,2021A0000045,74,10,A
A0000009,2021A0000046,71,10,A
A0000009,2021A0000047,68,10,A
A0000009,2021A0000048,65,10,A
A0000009,2021A0000049,62,10,A
A0000010,2021A0000006,81,10,A
A0000010,2021A0000007,78,10,A
A0000010,2021A0000008,75,10,A
A0000010,2021A0000009,72,10,A
A0000010,2021A0000010,69,10,A
A0000010,2021A0000016,60,10,A
A0000010,2021A0000017,98,10,A
A0000010,2021A0000018,95,10,A
A0000010,2021A0000019,92,10,A
A0000010,2021A0000020,89,10,A
A0000010,2021A0000026,80,10,A
A0000010,2021A0000027,77,10,A
A0000010,2021A0000028,74,10,A
A0000010,2021A0000029,71,10,A
A0000010,2021A0000030,68,10,A
A0000010,2021A0000036,100,10,A
A0000010,2021A0000037,97,10,A
A0000010,2021A0000038,94,10,A
A0000010,2021A0000039,91,10,A
A0000010,2021A0000040,88,10,A
A0000010,2021A0000046,79,10,A
A0000010,2021A0000047,76,10,A
A0000010,2021A0000048,73,10,A
A0000010,2021A0000049,70,10,A
A0000010,2021A0000050,67,10,A
B0001,2022B0001,65,10,B
B0001,2022B0007,97,10,B
B0001,2022B0008,94,10,B
B0001,2022B0009,91,10,B
B0001,2022B0010,88,10,B
B0001,2022B0011,85,10,B
B0001,2022B0017,76,10,B
B0001,2022B0018,73,10,B
B0001,2022B0019,70,10,B
B0001,2022B0020,67,10,B
B0001,2022B0021,64,10,B
B0001,2022B0027,96,10,B
B0001,2022B0028,93,10,B
B0001,2022B0029,90,10,B
B0001,2022B0030,87,10,B
B0001,2022B0031,84,10,B
B0001,2022B0037,75,10,B
B0001,2022B0038,72,10,B
B0001,2022B0039,69,10,B
B0001,2022B0040,66,10,B
B0001,2022B0041,63,10,B
B0001,2022B0047,95,10,B
B0001,2022B0048,92,10,B
B0001,2022B0049,89,10,B
B0001,2022B0050,86,10,B
B0002,2022B0001,73,10,B
B0002,2022B0002,70,10,B
B0002,2022B0008,61,10,B
B0002,2022B0009,99,10,B
B0002,2022B0010,96,10,B
B0002,2022B0011,93,10,B
B0002,2022B0012,90,10,B
B0002,2022B0018,81,10,B
B0002,2022B0019,78,10,B
B0002,2022B0020,75,10,B
B0002,2022B0021,72,10,B
B0002,2022B0022,69,10,B
B0002,2022B0028,60,10,B
B0002,2022B0029,98,10,B
B0002,2022B0030,95,10,B
B0002,2022B0031,92,10,B
B0002,2022B0032,89,10,B
B0002,2022B0038,80,10,B
B0002,2022B0039,77,10,B
B0002,2022B0040,74,10,B
B0002,2022B0041,71,10,B
B0002,2022B0042,68,10,B
B0002,2022B0048,100,10,B
B0002,2022B0049,97,10,B
B0002,2022B0050,94,10,B
B0003,2022B0001,81,10,B
B0003,2022B0002,78,10,B
B0003,2022B0003,75,10,B
B0003,2022B0009,66,10,B
B0003,2022B0010,63,10,B
B0003,2022B0011,60,10,B
B0003,2022B0012,98,10,B
B0003,2022B0013,95,10,B
B0003,2022B0019,86,10,B
B0003,2022B0020,83,10,B
B0003,2022B0021,80,10,B
B0003,2022B0022,77,10,B
B0003,2022B0023,74,10,B
B0003,2022B0029,65,10,B
B0003,2022B0030,62,10,B
B0003,2022B0031,100,10,B
B0003,2022B0032,97,10,B
B0003,2022B0033,94,10,B
B0003,2022B0039,85,10,B
B0003,2022B0040,82,10,B
B0003,2022B0041,79,10,B
B0003,2022B0042,76,10,B
B0003,2022B0043,73,10,B
B0003,2022B0049,64,10,B
B0003,2022B0050,61,10,B
B0004,2022B0001,89,10,B
B0004,2022B0002,86,10,B
B0004,2022B0003,83,10,B
B0004,2022B0004,80,10,B
B0004,2022B0010,71,10,B
B0004,2022B0011,68,10,B
B0004,2022B0012,65,10,B
B0004,2022B0013,62,10,B
B0004,2022B0014,100,10,B
B0004,2022B0020,91,10,B
B0004,2022B0021,88,10,B
B0004,2022B0022,85,10,B
B0004,2022B0023,82,10,B
B0004,2022B0024,79,10,B
B0004,2022B0030,70,10,B
B0004,2022B0031,67,10,B
B0004,2022B0032,64,10,B
B0004,2022B0033,61,10,B
B0004,2022B0034,99,10,B
B0004,2022B0040,90,10,B
B0004,2022B0041,87,10,B
B0004,2022B0042,84,10,B
B0004,2022B0043,81,10,B
B0004,2022B0044,78,10,B
B0004,2022B0050,69,10,B
B0005,2022B0001,97,10,B
B0005,2022B0002,94,10,B
B0005,2022B0003,91,10,B
B0005,2022B0004,88,10,B
B0005,2022B0005,85,10,B
B0005,2022B0011,76,10,B
B0005,2022B0012,73,10,B
B0005,2022B0013,70,10,B
B0005,2022B0014,67,10,B
B0005,2022B0015,64,10,B
B0005,2022B0021,96,10,B
B0005,2022B0022,93,10,B
B0005,2022B0023,90,10,B
B0005,2022B0024,87,10,B
B0005,2022B0025,84,10,B
B0005,2022B0031,75,10,B
B0005,2022B0032,72,10,B
B0005,2022B0033,69,10,B
B0005,2022B0034,66,10,B
B0005,2022B0035,63,10,B
B0005,2022B0041,95,10,B
B0005,2022B0042,92,10,B
B0005,2022B0043,89,10,B
B0005,2022B0044,86,10,B
B0005,2022B0045,83,10,B
B0006,2022B0002,61,10,B
B0006,2022B0003,99,10,B
B0006,2022B0004,96,10,B
B0006,2022B0005,93,10,B
B0006,2022B0006,90,10,B
B0006,2022B0012,81,10,B
B0006,2022B0013,78,10,B
B0006,2022B0014,75,10,B
B0006,2022B0015,72,10,B
B0006,2022B0016,69,10,B
B0006,2022B0022,60,10,B
B0006,2022B0023,98,10,B
B0006,2022B0024,95,10,B
B0006,2022B0025,92,10,B
B0006,2022B0026,89,10,B
B0006,2022B0032,80,10,B
B0006,2022B0033,77,10,B
B0006,2022B0034,74,10,B
B0006,2022B0035,71,10,B
B0006,2022B0036,68,10,B
B0006,2022B0042,100,10,B
B0006,2022B0043,97,10,B
B0006,2022B0044,94,10,B
B0006,2022B0045,91,10,B
B0006,2022B0046,88,10,B
B0007,2022B0003,66,10,B
B0007,2022B0004,63,10,B
B0007,2022B0005,60,10,B
B0007,2022B0006,98,10,B
B0007,2022B0007,95,10,B
B0007,2022B0013,86,10,B
B0007,2022B0014,83,10,B
B0007,2022B0015,80,10,B
B0007,2022B0016,77,10,B
B0007,2022B0017,74,10,B
B0007,2022B0023,65,10,B
B0007,2022B0024,62,10,B
B0007,2022B0025,100,10,B
B0007,2022B0026,97,10,B
B0007,2022B0027,94,10,B
B0007,2022B0033,85,10,B
B0007,2022B0034,82,10,B
B0007,2022B0035,79,10,B
B0007,2022B0036,76,10,B
B0007,2022B0037,73,10,B
B0007,2022B0043,64,10,B
B0007,2022B0044,61,10,B
B0007,2022B0045,99,10,B
B0007,2022B0046,96,10,B
B0007,2022B0047,93,10,B
B0008,2022B0004,71,10,B
B0008,2022B0005,68,10,B
B0008,2022B0006,65,10,B
B0008,2022B0007,62,10,B
B0008,2022B0008,100,10,B
B0008,2022B0014,91,10,B
B0008,2022B0015,88,10,B
B0008,2022B0016,85,10,B
B0008,2022B0017,82,10,B
B0008,2022B0018,79,10,B
B0008,2022B0024,70,10,B
B0008,2022B0025,67,10,B
B0008,2022B0026,64,10,B
B0008,2022B0027,61,10,B
B0008,2022B0028,99,10,B
B0008,2022B0034,90,10,B
B0008,2022B0035,87,10,B
B0008,2022B0036,84,10,B
B0008,2022B0037,81,10,B
B0008,2022B0038,78,10,B
B0008,2022B0044,69,10,B
B0008,2022B0045,66,10,B
B0008,2022B0046,63,10,B
B0008,2022B0047,60,10,B
B0008,2022B0048,98,10,B
B0009,2022B0005,76,10,B
B0009,2022B0006,73,10,B
B0009,2022B0007,70,10,B
B0009,2022B0008,67,10,B
B0009,2022B0009,64,10,B
B0009,2022B0015,96,10,B
B0009,2022B0016,93,10,B
B0009,2022B0017,90,10,B
B0009,2022B0018,87,10,B
B0009,2022B0019,84,10,B
B0009,2022B0025,75,10,B
B0009,2022B0026,72,10,B
B0009,2022B0027,69,10,B
B0009,2022B0028,66,10,B
B0009,2022B0029,63,10,B
B0009,2022B0035,95,10,B
B0009,2022B0036,92,10,B
B0009,2022B0037,89,10,B
B0009,2022B0038,86,10,B
B0009,2022B0039,83,10,B
B0009,2022B0045,74,10,B
B0009,2022B0046,71,10,B
B0009,2022B0047,68,10,B
B0009,2022B0048,65,10,B
B0009,2022B0049,62,10,B
B0010,2022B0006,81,10,B
B0010,2022B0007,78,10,B
B0010,2022B0008,75,10,B
B0010,2022B0009,72,10,B
B0010,2022B0010,69,10,B
B0010,2022B0016,60,10,B
B0010,2022B0017,98,10,B
B0010,2022B0018,95,10,B
B0010,2022B0019,92,10,B
B0010,2022B0020,89,10,B
B0010,2022B0026,80,10,B
B0010,2022B0027,77,10,B
B0010,2022B0028,74,10,B
B0010,2022B0029,71,10,B
B0010,2022B0030,68,10,B
B0010,2022B0036,100,10,B
B0010,2022B0037,97,10,B
B0010,2022B0038,94,10,B
B0010,2022B0039,91,10,B
B0010,2022B0040,88,10,B
B0010,2022B0046,79,10,B
B0010,2022B0047,76,10,B
B0010,2022B0048,73,10,B
B0010,2022B0049,70,10,B
B0010,2022B0050,67,10,B
C0001,202300001,65,10,C
C0001,202300005,67,10,C
C0001,202300007,72,10,C
C0001,202300009,77,10,C
C0001,202300010,75,10,C
C0001,202300011,73,10,C
C0001,202300015,75,10,C
C0001,202300017,80,10,C
C0001,202300019,85,10,C
C0001,202300020,83,10,C
C0001,202300021,81,10,C
C0001,202300025,83,10,C
C0001,202300027,88,10,C
C0001,202300029,93,10,C
C0001,202300030,91,10,C
C0001,202300031,89,10,C
C0001,202300035,91,10,C
C0001,202300037,65,10,C
C0001,202300039,70,10,C
C0001,202300040,68,10,C
C0001,202300041,66,10,C
C0001,202300045,68,10,C
C0001,202300047,73,10,C
C0001,202300049,78,10,C
C0001,202300050,76,10,C
C0002,202300001,74,10,C
C0002,202300002,72,10,C
C0002,202300006,74,10,C
C0002,202300008,79,10,C
C0002,202300010,84,10,C
C0002,202300011,82,10,C
C0002,202300012,80,10,C
C0002,202300016,82,10,C
C0002,202300018,87,10,C
C0002,202300020,92,10,C
C0002,202300021,90,10,C
C0002,202300022,88,10,C
C0002,202300026,90,10,C
C0002,202300028,95,10,C
C0002,202300030,69,10,C
C0002,202300031,67,10,C
C0002,202300032,65,10,C
C0002,202300036,67,10,C
C0002,202300038,72,10,C
C0002,202300040,77,10,C
C0002,202300041,75,10,C
C0002,202300042,73,10,C
C0002,202300046,75,10,C
C0002,202300048,80,10,C
C0002,202300050,85,10,C
C0003,202300001,83,10,C
C0003,202300002,81,10,C
C0003,202300003,79,10,C
C0003,202300007,81,10,C
C0003,202300009,86,10,C
C0003,202300011,91,10,C
C0003,202300012,89,10,C
C0003,202300013,87,10,C
C0003,202300017,89,10,C
C0003,202300019,94,10,C
C0003,202300021,68,10,C
C0003,202300022,66,10,C
C0003,202300023,95,10,C
C0003,202300027,66,10,C
C0003,202300029,71,10,C
C0003,202300031,76,10,C
C0003,202300032,74,10,C
C0003,202300033,72,10,C
C0003,202300037,74,10,C
C0003,202300039,79,10,C
C0003,202300041,84,10,C
C0003,202300042,82,10,C
C0003,202300043,80,10,C
C0003,202300047,82,10,C
C0003,202300049,87,10,C
C0004,202300002,90,10,C
C0004,202300003,88,10,C
C0004,202300004,86,10,C
C0004,202300008,88,10,C
C0004,202300010,93,10,C
C0004,202300012,67,10,C
C0004,202300013,65,10,C
C0004,202300014,94,10,C
C0004,202300018,65,10,C
C0004,202300020,70,10,C
C0004,202300022,75,10,C
C0004,202300023,73,10,C
C0004,202300024,71,10,C
C0004,202300028,73,10,C
C0004,202300030,78,10,C
C0004,202300032,83,10,C
C0004,202300033,81,10,C
C0004,202300034,79,10,C
C0004,202300038,81,10,C
C0004,202300040,86,10,C
C0004,202300042,91,10,C
C0004,202300043,89,10,C
C0004,202300044,87,10,C
C0004,202300048,89,10,C
C0004,202300050,94,10,C
C0005,202300001,92,10,C
C0005,202300003,66,10,C
C0005,202300004,95,10,C
C0005,202300005,93,10,C
C0005,202300009,95,10,C
C0005,202300011,69,10,C
C0005,202300013,74,10,C
C0005,202300014,72,10,C
C0005,202300015,70,10,C
C0005,202300019,72,10,C
C0005,202300021,77,10,C
C0005,202300023,82,10,C
C0005,202300024,80,10,C
C0005,202300025,78,10,C
C0005,202300029,80,10,C
C0005,202300031,85,10,C
C0005,202300033,90,10,C
C0005,202300034,88,10,C
C0005,202300035,86,10,C
C0005,202300039,88,10,C
C0005,202300041,93,10,C
C0005,202300043,67,10,C
C0005,202300044,65,10,C
C0005,202300045,94,10,C
C0005,202300049,65,10,C
C0006,202300002,68,10,C
C0006,202300004,73,10,C
C0006,202300005,71,10,C
C0006,202300006,69,10,C
C0006,202300010,71,10,C
C0006,202300012,76,10,C
C0006,202300014,81,10,C
C0006,202300015,79,10,C
C0006,202300016,77,10,C
C0006,202300020,79,10,C
C0006,202300022,84,10,C
C0006,202300024,89,10,C
C0006,202300025,87,10,C
C0006,202300026,85,10,C
C0006,202300030,87,10,C
C0006,202300032,92,10,C
C0006,202300034,66,10,C
C0006,202300035,95,10,C
C0006,202300036,93,10,C
C0006,202300040,95,10,C
C0006,202300042,69,10,C
C0006,202300044,74,10,C
C0006,202300045,72,10,C
C0006,202300046,70,10,C
C0006,202300050,72,10,C
C0007,202300001,70,10,C
C0007,202300003,75,10,C
C0007,202300005,80,10,C
C0007,202300006,78,10,C
C0007,202300007,76,10,C
C0007,202300011,78,10,C
C0007,202300013,83,10,C
C0007,202300015,88,10,C
C0007,202300016,86,10,C
C0007,202300017,84,10,C
C0007,202300021,86,10,C
C0007,202300023,91,10,C
C0007,202300025,65,10,C
C0007,202300026,94,10,C
C0007,202300027,92,10,C
C0007,202300031,94,10,C
C0007,202300033,68,10,C
C0007,202300035,73,10,C
C0007,202300036,71,10,C
C0007,202300037,69,10,C
C0007,202300041,71,10,C
C0007,202300043,76,10,C
C0007,202300045,81,10,C
C0007,202300046,79,10,C
C0007,202300047,77,10,C
C0008,202300002,77,10,C
C0008,202300004,82,10,C
C0008,202300006,87,10,C
C0008,202300007,85,10,C
C0008,202300008,83,10,C
C0008,202300012,85,10,C
C0008,202300014,90,10,C
C0008,202300016,95,10,C
C0008,202300017,93,10,C
C0008,202300018,91,10,C
C0008,202300022,93,10,C
C0008,202300024,67,10,C
C0008,202300026,72,10,C
C0008,202300027,70,10,C
C0008,202300028,68,10,C
C0008,202300032,70,10,C
C0008,202300034,75,10,C
C0008,202300036,80,10,C
C0008,202300037,78,10,C
C0008,202300038,76,10,C
C0008,202300042,78,10,C
C0008,202300044,83,10,C
C0008,202300046,88,10,C
C0008,202300047,86,10,C
C0008,202300048,84,10,C
C0009,202300003,84,10,C
C0009,202300005,89,10,C
C0009,202300007,94,10,C
C0009,202300008,92,10,C
C0009,202300009,90,10,C
C0009,202300013,92,10,C
C0009,202300015,66,10,C
C0009,202300017,71,10,C
C0009,202300018,69,10,C
C0009,202300019,67,10,C
C0009,202300023,69,10,C
C0009,202300025,74,10,C
C0009,202300027,79,10,C
C0009,202300028,77,10,C
C0009,202300029,75,10,C
C0009,202300033,77,10,C
C0009,202300035,82,10,C
C0009,202300037,87,10,C
C0009,202300038,85,10,C
C0009,202300039,83,10,C
C0009,202300043,85,10,C
C0009,202300045,90,10,C
C0009,202300047,95,10,C
C0009,202300048,93,10,C
C0009,202300049,91,10,C
C0010,202300004,91,10,C
C0010,202300006,65,10,C
C0010,202300008,70,10,C
C0010,202300009,68,10,C
C0010,202300010,66,10,C
C0010,202300014,68,10,C
C0010,202300016,73,10,C
C0010,202300018,78,10,C
C0010,202300019,76,10,C
C0010,202300020,74,10,C
C0010,202300024,76,10,C
C0010,202300026,81,10,C
C0010,202300028,86,10,C
C0010,202300029,84,10,C
C0010,202300030,82,10,C
C0010,202300034,84,10,C
C0010,202300036,89,10,C
C0010,202300038,94,10,C
C0010,202300039,92,10,C
C0010,202300040,90,10,C
C0010,202300044,92,10,C
C0010,202300046,66,10,C
C0010,202300048,71,10,C
C0010,202300049,69,10,C
C0010,202300050,67,10,C
11AC01,11A20240001,65,11,A
11AC01,11A20240007,98,11,A
11AC01,11A20240008,92,11,A
11AC01,11A20240009,86,11,A
11AC01,11A20240010,80,11,A
11AC01,11A20240011,74,11,A
11AC01,11A20240017,66,11,A
11AC01,11A20240018,60,11,A
11AC01,11A20240019,95,11,A
11AC01,11A20240020,89,11,A
11AC01,11A20240021,83,11,A
11AC01,11A20240027,75,11,A
11AC01,11A20240028,69,11,A
11AC01,11A20240029,63,11,A
11AC01,11A20240030,98,11,A
11AC01,11A20240031,92,11,A
11AC01,11A20240037,84,11,A
11AC01,11A20240038,78,11,A
11AC01,11A20240039,72,11,A
11AC01,11A20240040,66,11,A
11AC01,11A20240041,60,11,A
11AC01,11A20240047,93,11,A
11AC01,11A20240048,87,11,A
11AC01,11A20240049,81,11,A
11AC01,11A20240050,75,11,A
11AC02,11A20240001,76,11,A
11AC02,11A20240002,70,11,A
11AC02,11A20240008,62,11,A
11AC02,11A20240009,97,11,A
11AC02,11A20240010,91,11,A
11AC02,11A20240011,85,11,A
11AC02,11A20240012,79,11,A
11AC02,11A20240018,71,11,A
11AC02,11A20240019,65,11,A
11AC02,11A20240020,100,11,A
11AC02,11A20240021,94,11,A
11AC02,11A20240022,88,11,A
11AC02,11A20240028,80,11,A
11AC02,11A20240029,74,11,A
11AC02,11A20240030,68,11,A
11AC02,11A20240031,62,11,A
11AC02,11A20240032,97,11,A
11AC02,11A20240038,89,11,A
11AC02,11A20240039,83,11,A
11AC02,11A20240040,77,11,A
11AC02,11A20240041,71,11,A
11AC02,11A20240042,65,11,A
11AC02,11A20240048,98,11,A
11AC02,11A20240049,92,11,A
11AC02,11A20240050,86,11,A
11AC03,11A20240001,87,11,A
11AC03,11A20240002,81,11,A
11AC03,11A20240003,75,11,A
11AC03,11A20240009,67,11,A
11AC03,11A20240010,61,11,A
11AC03,11A20240011,96,11,A
11AC03,11A20240012,90,11,A
11AC03,11A20240013,84,11,A
11AC03,11A20240019,76,11,A
11AC03,11A20240020,70,11,A
11AC03,11A20240021,64,11,A
11AC03,11A20240022,99,11,A
11AC03,11A20240023,93,11,A
11AC03,11A20240029,85,11,A
11AC03,11A20240030,79,11,A
11AC03,11A20240031,73,11,A
11AC03,11A20240032,67,11,A
11AC03,11A20240033,61,11,A
11AC03,11A20240039,94,11,A
11AC03,11A20240040,88,11,A
11AC03,11A20240041,82,11,A
11AC03,11A20240042,76,11,A
11AC03,11A20240043,70,11,A
11AC03,11A20240049,62,11,A
11AC03,11A20240050,97,11,A
11AC04,11A20240001,98,11,A
11AC04,11A20240002,92,11,A
11AC04,11A20240003,86,11,A
11AC04,11A20240004,80,11,A
11AC04,11A20240010,72,11,A
11AC04,11A20240011,66,11,A
11AC04,11A20240012,60,11,A
11AC04,11A20240013,95,11,A
11AC04,11A20240014,89,11,A
11AC04,11A20240020,81,11,A
11AC04,11A20240021,75,11,A
11AC04,11A20240022,69,11,A
11AC04,11A20240023,63,11,A
11AC04,11A20240024,98,11,A
11AC04,11A20240030,90,11,A
11AC04,11A20240031,84,11,A
11AC04,11A20240032,78,11,A
11AC04,11A20240033,72,11,A
11AC04,11A20240034,66,11,A
11AC04,11A20240040,99,11,A
11AC04,11A20240041,93,11,A
11AC04,11A20240042,87,11,A
11AC04,11A20240043,81,11,A
11AC04,11A20240044,75,11,A
11AC04,11A20240050,67,11,A
11AC05,11A20240001,68,11,A
11AC05,11A20240002,62,11,A
11AC05,11A20240003,97,11,A
11AC05,11A20240004,91,11,A
11AC05,11A20240005,85,11,A
11AC05,11A20240011,77,11,A
11AC05,11A20240012,71,11,A
11AC05,11A20240013,65,11,A
11AC05,11A20240014,100,11,A
11AC05,11A20240015,94,11,A
11AC05,11A20240021,86,11,A
11AC05,11A20240022,80,11,A
11AC05,11A20240023,74,11,A
11AC05,11A20240024,68,11,A
11AC05,11A20240025,62,11,A
11AC05,11A20240031,95,11,A
11AC05,11A20240032,89,11,A
11AC05,11A20240033,83,11,A
11AC05,11A20240034,77,11,A
11AC05,11A20240035,71,11,A
11AC05,11A20240041,63,11,A
11AC05,11A20240042,98,11,A
11AC05,11A20240043,92,11,A
11AC05,11A20240044,86,11,A
11AC05,11A20240045,80,11,A
11AC06,11A20240002,73,11,A
11AC06,11A20240003,67,11,A
11AC06,11A20240004,61,11,A
11AC06,11A20240005,96,11,A
11AC06,11A20240006,90,11,A
11AC06,11A20240012,82,11,A
11AC06,11A20240013,76,11,A
11AC06,11A20240014,70,11,A
11AC06,11A20240015,64,11,A
11AC06,11A20240016,99,11,A
11AC06,11A20240022,91,11,A
11AC06,11A20240023,85,11,A
11AC06,11A20240024,79,11,A
11AC06,11A20240025,73,11,A
11AC06,11A20240026,67,11,A
11AC06,11A20240032,100,11,A
11AC06,11A20240033,94,11,A
11AC06,11A20240034,88,11,A
11AC06,11A20240035,82,11,A
11AC06,11A20240036,76,11,A
11AC06,11A20240042,68,11,A
11AC06,11A20240043,62,11,A
11AC06,11A20240044,97,11,A
11AC06,11A20240045,91,11,A
11AC06,11A20240046,85,11,A
11AC07,11A20240003,78,11,A
11AC07,11A20240004,72,11,A
11AC07,11A20240005,66,11,A
11AC07,11A20240006,60,11,A
11AC07,11A20240007,95,11,A
11AC07,11A20240013,87,11,A
11AC07,11A20240014,81,11,A
11AC07,11A20240015,75,11,A
11AC07,11A20240016,69,11,A
11AC07,11A20240017,63,11,A
11AC07,11A20240023,96,11,A
11AC07,11A20240024,90,11,A
11AC07,11A20240025,84,11,A
11AC07,11A20240026,78,11,A
11AC07,11A20240027,72,11,A
11AC07,11A20240033,64,11,A
11AC07,11A20240034,99,11,A
11AC07,11A20240035,93,11,A
11AC07,11A20240036,87,11,A
11AC07,11A20240037,81,11,A
11AC07,11A20240043,73,11,A
11AC07,11A20240044,67,11,A
11AC07,11A20240045,61,11,A
11AC07,11A20240046,96,11,A
11AC07,11A20240047,90,11,A
11AC08,11A20240004,83,11,A
11AC08,11A20240005,77,11,A
11AC08,11A20240006,71,11,A
11AC08,11A20240007,65,11,A
11AC08,11A20240008,100,11,A
11AC08,11A20240014,92,11,A
11AC08,11A20240015,86,11,A
11AC08,11A20240016,80,11,A
11AC08,11A20240017,74,11,A
11AC08,11A20240018,68,11,A
11AC08,11A20240024,60,11,A
11AC08,11A20240025,95,11,A
11AC08,11A20240026,89,11,A
11AC08,11A20240027,83,11,A
11AC08,11A20240028,77,11,A
11AC08,11A20240034,69,11,A
11AC08,11A20240035,63,11,A
11AC08,11A20240036,98,11,A
11AC08,11A20240037,92,11,A
11AC08,11A20240038,86,11,A
11AC08,11A20240044,78,11,A
11AC08,11A20240045,72,11,A
11AC08,11A20240046,66,11,A
11AC08,11A20240047,60,11,A
11AC08,11A20240048,95,11,A
11AC09,11A20240005,88,11,A
11AC09,11A20240006,82,11,A
11AC09,11A20240007,76,11,A
11AC09,11A20240008,70,11,A
11AC09,11A20240009,64,11,A
11AC09,11A20240015,97,11,A
11AC09,11A20240016,91,11,A
11AC09,11A20240017,85,11,A
11AC09,11A20240018,79,11,A
11AC09,11A20240019,73,11,A
11AC09,11A20240025,65,11,A
11AC09,11A20240026,100,11,A
11AC09,11A20240027,94,11,A
11AC09,11A20240028,88,11,A
11AC09,11A20240029,82,11,A
11AC09,11A20240035,74,11,A
11AC09,11A20240036,68,11,A
11AC09,11A20240037,62,11,A
11AC09,11A20240038,97,11,A
11AC09,11A20240039,91,11,A
11AC09,11A20240045,83,11,A
11AC09,11A20240046,77,11,A
11AC09,11A20240047,71,11,A
11AC09,11A20240048,65,11,A
11AC09,11A20240049,100,11,A
11AC10,11A20240006,93,11,A
11AC10,11A20240007,87,11,A
11AC10,11A20240008,81,11,A
11AC10,11A20240009,75,11,A
11AC10,11A20240010,69,11,A
11AC10,11A20240016,61,11,A
11AC10,11A20240017,96,11,A
11AC10,11A20240018,90,11,A
11AC10,11A20240019,84,11,A
11AC10,11A20240020,78,11,A
11AC10,11A20240026,70,11,A
11AC10,11A20240027,64,11,A
11AC10,11A20240028,99,11,A
11AC10,11A20240029,93,11,A
11AC10,11A20240030,87,11,A
11AC10,11A20240036,79,11,A
11AC10,11A20240037,73,11,A
11AC10,11A20240038,67,11,A
11AC10,11A20240039,61,11,A
11AC10,11A20240040,96,11,A
11AC10,11A20240046,88,11,A
11AC10,11A20240047,82,11,A
11AC10,11A20240048,76,11,A
11AC10,11A20240049,70,11,A
11AC10,11A20240050,64,11,A
11B0001,11B24000001,67,11,B
11B0001,11B24000007,79,11,B
11B0001,11B24000008,73,11,B
11B0001,11B24000009,67,11,B
11B0001,11B24000010,61,11,B
11B0001,11B24000011,96,11,B
11B0001,11B24000017,67,11,B
11B0001,11B24000018,61,11,B
11B0001,11B24000019,96,11,B
11B0001,11B24000020,90,11,B
11B0001,11B24000021,84,11,B
11B0001,11B24000027,96,11,B
11B0001,11B24000028,90,11,B
11B0001,11B24000029,84,11,B
11B0001,11B24000030,78,11,B
11B0001,11B24000031,72,11,B
11B0001,11B24000037,84,11,B
11B0001,11B24000038,78,11,B
11B0001,11B24000039,72,11,B
11B0001,11B24000040,66,11,B
11B0001,11B24000041,60,11,B
11B0001,11B24000047,72,11,B
11B0001,11B24000048,66,11,B
11B0001,11B24000049,60,11,B
11B0001,11B24000050,95,11,B
11B0002,11B24000001,80,11,B
11B0002,11B24000002,74,11,B
11B0002,11B24000008,86,11,B
11B0002,11B24000009,80,11,B
11B0002,11B24000010,74,11,B
11B0002,11B24000011,68,11,B
11B0002,11B24000012,62,11,B
11B0002,11B24000018,74,11,B
11B0002,11B24000019,68,11,B
11B0002,11B24000020,62,11,B
11B0002,11B24000021,97,11,B
11B0002,11B24000022,91,11,B
11B0002,11B24000028,62,11,B
11B0002,11B24000029,97,11,B
11B0002,11B24000030,91,11,B
11B0002,11B24000031,85,11,B
11B0002,11B24000032,79,11,B
11B0002,11B24000038,91,11,B
11B0002,11B24000039,85,11,B
11B0002,11B24000040,79,11,B
11B0002,11B24000041,73,11,B
11B0002,11B24000042,67,11,B
11B0002,11B24000048,79,11,B
11B0002,11B24000049,73,11,B
11B0002,11B24000050,67,11,B
11B0003,11B24000001,93,11,B
11B0003,11B24000002,87,11,B
11B0003,11B24000003,81,11,B
11B0003,11B24000009,93,11,B
11B0003,11B24000010,87,11,B
11B0003,11B24000011,81,11,B
11B0003,11B24000012,75,11,B
11B0003,11B24000013,69,11,B
11B0003,11B24000019,81,11,B
11B0003,11B24000020,75,11,B
11B0003,11B24000021,69,11,B
11B0003,11B24000022,63,11,B
11B0003,11B24000023,98,11,B
11B0003,11B24000029,69,11,B
11B0003,11B24000030,63,11,B
11B0003,11B24000031,98,11,B
11B0003,11B24000032,92,11,B
11B0003,11B24000033,86,11,B
11B0003,11B24000039,98,11,B
11B0003,11B24000040,92,11,B
11B0003,11B24000041,86,11,B
11B0003,11B24000042,80,11,B
11B0003,11B24000043,74,11,B
11B0003,11B24000049,86,11,B
11B0003,11B24000050,80,11,B
11B0004,11B24000001,65,11,B
11B0004,11B24000002,100,11,B
11B0004,11B24000003,94,11,B
11B0004,11B24000004,88,11,B
11B0004,11B24000010,100,11,B
11B0004,11B24000011,94,11,B
11B0004,11B24000012,88,11,B
11B0004,11B24000013,82,11,B
11B0004,11B24000014,76,11,B
11B0004,11B24000020,88,11,B
11B0004,11B24000021,82,11,B
11B0004,11B24000022,76,11,B
11B0004,11B24000023,70,11,B
11B0004,11B24000024,64,11,B
11B0004,11B24000030,76,11,B
11B0004,11B24000031,70,11,B
11B0004,11B24000032,64,11,B
11B0004,11B24000033,99,11,B
11B0004,11B24000034,93,11,B
11B0004,11B24000040,64,11,B
11B0004,11B24000041,99,11,B
11B0004,11B24000042,93,11,B
11B0004,11B24000043,87,11,B
11B0004,11B24000044,81,11,B
11B0004,11B24000050,93,11,B
11B0005,11B24000001,78,11,B
11B0005,11B24000002,72,11,B
11B0005,11B24000003,66,11,B
11B0005,11B24000004,60,11,B
11B0005,11B24000005,95,11,B
11B0005,11B24000011,66,11,B
11B0005,11B24000012,60,11,B
11B0005,11B24000013,95,11,B
11B0005,11B24000014,89,11,B
11B0005,11B24000015,83,11,B
11B0005,11B24000021,95,11,B
11B0005,11B24000022,89,11,B
11B0005,11B24000023,83,11,B
11B0005,11B24000024,77,11,B
11B0005,11B24000025,71,11,B
11B0005,11B24000031,83,11,B
11B0005,11B24000032,77,11,B
11B0005,11B24000033,71,11,B
11B0005,11B24000034,65,11,B
11B0005,11B24000035,100,11,B
11B0005,11B24000041,71,11,B
11B0005,11B24000042,65,11,B
11B0005,11B24000043,100,11,B
11B0005,11B24000044,94,11,B
11B0005,11B24000045,88,11,B
11B0006,11B24000002,85,11,B
11B0006,11B24000003,79,11,B
11B0006,11B24000004,73,11,B
11B0006,11B24000005,67,11,B
11B0006,11B24000006,61,11,B
11B0006,11B24000012,73,11,B
11B0006,11B24000013,67,11,B
11B0006,11B24000014,61,11,B
11B0006,11B24000015,96,11,B
11B0006,11B24000016,90,11,B
11B0006,11B24000022,61,11,B
11B0006,11B24000023,96,11,B
11B0006,11B24000024,90,11,B
11B0006,11B24000025,84,11,B
11B0006,11B24000026,78,11,B
11B0006,11B24000032,90,11,B
11B0006,11B24000033,84,11,B
11B0006,11B24000034,78,11,B
11B0006,11B24000035,72,11,B
11B0006,11B24000036,66,11,B
11B0006,11B24000042,78,11,B
11B0006,11B24000043,72,11,B
11B0006,11B24000044,66,11,B
11B0006,11B24000045,60,11,B
11B0006,11B24000046,95,11,B
11B0007,11B24000003,92,11,B
11B0007,11B24000004,86,11,B
11B0007,11B24000005,80,11,B
11B0007,11B24000006,74,11,B
11B0007,11B24000007,68,11,B
11B0007,11B24000013,80,11,B
11B0007,11B24000014,74,11,B
11B0007,11B24000015,68,11,B
11B0007,11B24000016,62,11,B
11B0007,11B24000017,97,11,B
11B0007,11B24000023,68,11,B
11B0007,11B24000024,62,11,B
11B0007,11B24000025,97,11,B
11B0007,11B24000026,91,11,B
11B0007,11B24000027,85,11,B
11B0007,11B24000033,97,11,B
11B0007,11B24000034,91,11,B
11B0007,11B24000035,85,11,B
11B0007,11B24000036,79,11,B
11B0007,11B24000037,73,11,B
11B0007,11B24000043,85,11,B
11B0007,11B24000044,79,11,B
11B0007,11B24000045,73,11,B
11B0007,11B24000046,67,11,B
11B0007,11B24000047,61,11,B
11B0008,11B24000004,99,11,B
11B0008,11B24000005,93,11,B
11B0008,11B24000006,87,11,B
11B0008,11B24000007,81,11,B
11B0008,11B24000008,75,11,B
11B0008,11B24000014,87,11,B
11B0008,11B24000015,81,11,B
11B0008,11B24000016,75,11,B
11B0008,11B24000017,69,11,B
11B0008,11B24000018,63,11,B
11B0008,11B24000024,75,11,B
11B0008,11B24000025,69,11,B
11B0008,11B24000026,63,11,B
11B0008,11B24000027,98,11,B
11B0008,11B24000028,92,11,B
11B0008,11B24000034,63,11,B
11B0008,11B24000035,98,11,B
11B0008,11B24000036,92,11,B
11B0008,11B24000037,86,11,B
11B0008,11B24000038,80,11,B
11B0008,11B24000044,92,11,B
11B0008,11B24000045,86,11,B
11B0008,11B24000046,80,11,B
11B0008,11B24000047,74,11,B
11B0008,11B24000048,68,11,B
11B0009,11B24000005,65,11,B
11B0009,11B24000006,100,11,B
11B0009,11B24000007,94,11,B
11B0009,11B24000008,88,11,B
11B0009,11B24000009,82,11,B
11B0009,11B24000015,94,11,B
11B0009,11B24000016,88,11,B
11B0009,11B24000017,82,11,B
11B0009,11B24000018,76,11,B
11B0009,11B24000019,70,11,B
11B0009,11B24000025,82,11,B
11B0009,11B24000026,76,11,B
11B0009,11B24000027,70,11,B
11B0009,11B24000028,64,11,B
11B0009,11B24000029,99,11,B
11B0009,11B24000035,70,11,B
11B0009,11B24000036,64,11,B
11B0009,11B24000037,99,11,B
11B0009,11B24000038,93,11,B
11B0009,11B24000039,87,11,B
11B0009,11B24000045,99,11,B
11B0009,11B24000046,93,11,B
11B0009,11B24000047,87,11,B
11B0009,11B24000048,81,11,B
11B0009,11B24000049,75,11,B
11B0010,11B24000006,72,11,B
11B0010,11B24000007,66,11,B
11B0010,11B24000008,60,11,B
11B0010,11B24000009,95,11,B
11B0010,11B24000010,89,11,B
11B0010,11B24000016,60,11,B
11B0010,11B24000017,95,11,B
11B0010,11B24000018,89,11,B
11B0010,11B24000019,83,11,B
11B0010,11B24000020,77,11,B
11B0010,11B24000026,89,11,B
11B0010,11B24000027,83,11,B
11B0010,11B24000028,77,11,B
11B0010,11B24000029,71,11,B
11B0010,11B24000030,65,11,B
11B0010,11B24000036,77,11,B
11B0010,11B24000037,71,11,B
11B0010,11B24000038,65,11,B
11B0010,11B24000039,100,11,B
11B0010,11B24000040,94,11,B
11B0010,11B24000046,65,11,B
11B0010,11B24000047,100,11,B
11B0010,11B24000048,94,11,B
11B0010,11B24000049,88,11,B
11B0010,11B24000050,82,11,B
11C001,11C20240001,62,11,C
11C001,11C20240007,72,11,C
11C001,11C20240008,72,11,C
11C001,11C20240009,72,11,C
11C001,11C20240010,72,11,C
11C001,11C20240011,72,11,C
11C001,11C20240017,82,11,C
11C001,11C20240018,82,11,C
11C001,11C20240019,82,11,C
11C001,11C20240020,82,11,C
11C001,11C20240021,82,11,C
11C001,11C20240027,92,11,C
11C001,11C20240028,92,11,C
11C001,11C20240029,92,11,C
11C001,11C20240030,92,11,C
11C001,11C20240031,92,11,C
11C001,11C20240037,62,11,C
11C001,11C20240038,62,11,C
11C001,11C20240039,62,11,C
11C001,11C20240040,62,11,C
11C001,11C20240041,62,11,C
11C001,11C20240047,72,11,C
11C001,11C20240048,72,11,C
11C001,11C20240049,72,11,C
11C001,11C20240050,72,11,C
11C002,11C20240001,63,11,C
11C002,11C20240002,63,11,C
11C002,11C20240008,73,11,C
11C002,11C20240009,73,11,C
11C002,11C20240010,73,11,C
11C002,11C20240011,73,11,C
11C002,11C20240012,73,11,C
11C002,11C20240018,83,11,C
11C002,11C20240019,83,11,C
11C002,11C20240020,83,11,C
11C002,11C20240021,83,11,C
11C002,11C20240022,83,11,C
11C002,11C20240028,93,11,C
11C002,11C20240029,93,11,C
11C002,11C20240030,93,11,C
11C002,11C20240031,93,11,C
11C002,11C20240032,93,11,C
11C002,11C20240038,63,11,C
11C002,11C20240039,63,11,C
11C002,11C20240040,63,11,C
11C002,11C20240041,63,11,C
11C002,11C20240042,63,11,C
11C002,11C20240048,73,11,C
11C002,11C20240049,73,11,C
11C002,11C20240050,73,11,C
11C003,11C20240001,64,11,C
11C003,11C20240002,64,11,C
11C003,11C20240003,64,11,C
11C003,11C20240009,74,11,C
11C003,11C20240010,74,11,C
11C003,11C20240011,74,11,C
11C003,11C20240012,74,11,C
11C003,11C20240013,74,11,C
11C003,11C20240019,84,11,C
11C003,11C20240020,84,11,C
11C003,11C20240021,84,11,C
11C003,11C20240022,84,11,C
11C003,11C20240023,84,11,C
11C003,11C20240029,94,11,C
11C003,11C20240030,94,11,C
11C003,11C20240031,94,11,C
11C003,11C20240032,94,11,C
11C003,11C20240033,94,11,C
11C003,11C20240039,64,11,C
11C003,11C20240040,64,11,C
11C003,11C20240041,64,11,C
11C003,11C20240042,64,11,C
11C003,11C20240043,64,11,C
11C003,11C20240049,74,11,C
11C003,11C20240050,74,11,C
11C004,11C20240001,65,11,C
11C004,11C20240002,65,11,C
11C004,11C20240003,65,11,C
11C004,11C20240004,65,11,C
11C004,11C20240010,75,11,C
11C004,11C20240011,75,11,C
11C004,11C20240012,75,11,C
11C004,11C20240013,75,11,C
11C004,11C20240014,75,11,C
11C004,11C20240020,85,11,C
11C004,11C20240021,85,11,C
11C004,11C20240022,85,11,C
11C004,11C20240023,85,11,C
11C004,11C20240024,85,11,C
11C004,11C20240030,95,11,C
11C004,11C20240031,95,11,C
11C004,11C20240032,95,11,C
11C004,11C20240033,95,11,C
11C004,11C20240034,95,11,C
11C004,11C20240040,65,11,C
11C004,11C20240041,65,11,C
11C004,11C20240042,65,11,C
11C004,11C20240043,65,11,C
11C004,11C20240044,65,11,C
11C004,11C20240050,75,11,C
11C005,11C20240001,66,11,C
11C005,11C20240002,66,11,C
11C005,11C20240003,66,11,C
11C005,11C20240004,66,11,C
11C005,11C20240005,66,11,C
11C005,11C20240011,76,11,C
11C005,11C20240012,76,11,C
11C005,11C20240013,76,11,C
11C005,11C20240014,76,11,C
11C005,11C20240015,76,11,C
11C005,11C20240021,86,11,C
11C005,11C20240022,86,11,C
11C005,11C20240023,86,11,C
11C005,11C20240024,86,11,C
11C005,11C20240025,86,11,C
11C005,11C20240031,96,11,C
11C005,11C20240032,96,11,C
11C005,11C20240033,96,11,C
11C005,11C20240034,96,11,C
11C005,11C20240035,96,11,C
11C005,11C20240041,66,11,C
11C005,11C20240042,66,11,C
11C005,11C20240043,66,11,C
11C005,11C20240044,66,11,C
11C005,11C20240045,66,11,C
11C006,11C20240002,67,11,C
11C006,11C20240003,67,11,C
11C006,11C20240004,67,11,C
11C006,11C20240005,67,11,C
11C006,11C20240006,67,11,C
11C006,11C20240012,77,11,C
11C006,11C20240013,77,11,C
11C006,11C20240014,77,11,C
11C006,11C20240015,77,11,C
11C006,11C20240016,77,11,C
11C006,11C20240022,87,11,C
11C006,11C20240023,87,11,C
11C006,11C20240024,87,11,C
11C006,11C20240025,87,11,C
11C006,11C20240026,87,11,C
11C006,11C20240032,97,11,C
11C006,11C20240033,97,11,C
11C006,11C20240034,97,11,C
11C006,11C20240035,97,11,C
11C006,11C20240036,97,11,C
11C006,11C20240042,67,11,C
11C006,11C20240043,67,11,C
11C006,11C20240044,67,11,C
11C006,11C20240045,67,11,C
11C006,11C20240046,67,11,C
11C007,11C20240003,68,11,C
11C007,11C20240004,68,11,C
11C007,11C20240005,68,11,C
11C007,11C20240006,68,11,C
11C007,11C20240007,68,11,C
11C007,11C20240013,78,11,C
11C007,11C20240014,78,11,C
11C007,11C20240015,78,11,C
11C007,11C20240016,78,11,C
11C007,11C20240017,78,11,C
11C007,11C20240023,88,11,C
11C007,11C20240024,88,11,C
11C007,11C20240025,88,11,C
11C007,11C20240026,88,11,C
11C007,11C20240027,88,11,C
11C007,11C20240033,98,11,C
11C007,11C20240034,98,11,C
11C007,11C20240035,98,11,C
11C007,11C20240036,98,11,C
11C007,11C20240037,98,11,C
11C007,11C20240043,68,11,C
11C007,11C20240044,68,11,C
11C007,11C20240045,68,11,C
11C007,11C20240046,68,11,C
11C007,11C20240047,68,11,C
11C008,11C20240004,69,11,C
11C008,11C20240005,69,11,C
11C008,11C20240006,69,11,C
11C008,11C20240007,69,11,C
11C008,11C20240008,69,11,C
11C008,11C20240014,79,11,C
11C008,11C20240015,79,11,C
11C008,11C20240016,79,11,C
11C008,11C20240017,79,11,C
11C008,11C20240018,79,11,C
11C008,11C20240024,89,11,C
11C008,11C20240025,89,11,C
11C008,11C20240026,89,11,C
11C008,11C20240027,89,11,C
11C008,11C20240028,89,11,C
11C008,11C20240034,99,11,C
11C008,11C20240035,99,11,C
11C008,11C20240036,99,11,C
11C008,11C20240037,99,11,C
11C008,11C20240038,99,11,C
11C008,11C20240044,69,11,C
11C008,11C20240045,69,11,C
11C008,11C20240046,69,11,C
11C008,11C20240047,69,11,C
11C008,11C20240048,69,11,C
11C009,11C20240005,70,11,C
11C009,11C20240006,70,11,C
11C009,11C20240007,70,11,C
11C009,11C20240008,70,11,C
11C009,11C20240009,70,11,C
11C009,11C20240015,80,11,C
11C009,11C20240016,80,11,C
11C009,11C20240017,80,11,C
11C009,11C20240018,80,11,C
11C009,11C20240019,80,11,C
11C009,11C20240025,90,11,C
11C009,11C20240026,90,11,C
11C009,11C20240027,90,11,C
11C009,11C20240028,90,11,C
11C009,11C20240029,90,11,C
11C009,11C20240035,60,11,C
11C009,11C20240036,60,11,C
11C009,11C20240037,60,11,C
11C009,11C20240038,60,11,C
11C009,11C20240039,60,11,C
11C009,11C20240045,70,11,C
11C009,11C20240046,70,11,C
11C009,11C20240047,70,11,C
11C009,11C20240048,70,11,C
11C009,11C20240049,70,11,C
11C010,11C20240006,71,11,C
11C010,11C20240007,71,11,C
11C010,11C20240008,71,11,C
11C010,11C20240009,71,11,C
11C010,11C20240010,71,11,C
11C010,11C20240016,81,11,C
11C010,11C20240017,81,11,C
11C010,11C20240018,81,11,C
11C010,11C20240019,81,11,C
11C010,11C20240020,81,11,C
11C010,11C20240026,91,11,C
11C010,11C20240027,91,11,C
11C010,11C20240028,91,11,C
11C010,11C20240029,91,11,C
11C010,11C20240030,91,11,C
11C010,11C20240036,61,11,C
11C010,11C20240037,61,11,C
11C010,11C20240038,61,11,C
11C010,11C20240039,61,11,C
11C010,11C20240040,61,11,C
11C010,11C20240046,71,11,C
11C010,11C20240047,71,11,C
11C010,11C20240048,71,11,C
11C010,11C20240049,71,11,C
11C010,11C20240050,71,11,C
BC01,B02,NULL,12,B
BC01,B09,NULL,12,B
BC01,B11,NULL,12,B
BC01,B14,NULL,12,B
BC01,B15,NULL,12,B
BC01,B16,NULL,12,B
BC01,B17,NULL,12,B
BC01,B18,NULL,12,B
BC01,B19,NULL,12,B
BC01,B20,NULL,12,B
BC01,B21,NULL,12,B
BC01,B23,NULL,12,B
BC01,B26,NULL,12,B
BC01,B30,NULL,12,B
BC01,B33,NULL,12,B
BC01,B36,NULL,12,B
BC01,B37,NULL,12,B
BC01,B38,NULL,12,B
BC01,B41,NULL,12,B
BC01,B42,NULL,12,B
BC01,B44,NULL,12,B
BC01,B45,NULL,12,B
BC01,B49,NULL,12,B
BC01,B50,NULL,12,B
BC02,B01,NULL,12,B
BC02,B04,NULL,12,B
BC02,B05,NULL,12,B
BC02,B08,NULL,12,B
BC02,B10,NULL,12,B
BC02,B11,NULL,12,B
BC02,B12,NULL,12,B
BC02,B13,NULL,12,B
BC02,B14,NULL,12,B
BC02,B16,NULL,12,B
BC02,B17,NULL,12,B
BC02,B18,NULL,12,B
BC02,B21,NULL,12,B
BC02,B23,NULL,12,B
BC02,B24,NULL,12,B
BC02,B25,NULL,12,B
BC02,B26,NULL,12,B
BC02,B27,NULL,12,B
BC02,B32,NULL,12,B
BC02,B33,NULL,12,B
BC02,B34,NULL,12,B
BC02,B35,NULL,12,B
BC02,B36,NULL,12,B
BC02,B39,NULL,12,B
BC02,B40,NULL,12,B
BC02,B42,NULL,12,B
BC02,B43,NULL,12,B
BC02,B46,NULL,12,B
BC02,B48,NULL,12,B
BC02,B49,NULL,12,B
BC03,B01,NULL,12,B
BC03,B02,NULL,12,B
BC03,B03,NULL,12,B
BC03,B04,NULL,12,B
BC03,B05,NULL,12,B
BC03,B07,NULL,12,B
BC03,B08,NULL,12,B
BC03,B09,NULL,12,B
BC03,B11,NULL,12,B
BC03,B12,NULL,12,B
BC03,B13,NULL,12,B
BC03,B24,NULL,12,B
BC03,B27,NULL,12,B
BC03,B28,NULL,12,B
BC03,B29,NULL,12,B
BC03,B30,NULL,12,B
BC03,B32,NULL,12,B
BC03,B34,NULL,12,B
BC03,B38,NULL,12,B
BC03,B41,NULL,12,B
BC03,B42,NULL,12,B
BC03,B44,NULL,12,B
BC03,B46,NULL,12,B
BC03,B47,NULL,12,B
BC03,B48,NULL,12,B
BC04,B02,NULL,12,B
BC04,B05,NULL,12,B
BC04,B06,NULL,12,B
BC04,B07,NULL,12,B
BC04,B08,NULL,12,B
BC04,B10,NULL,12,B
BC04,B13,NULL,12,B
BC04,B17,NULL,12,B
BC04,B18,NULL,12,B
BC04,B19,NULL,12,B
BC04,B21,NULL,12,B
BC04,B26,NULL,12,B
BC04,B27,NULL,12,B
BC04,B28,NULL,12,B
BC04,B31,NULL,12,B
BC04,B34,NULL,12,B
BC04,B35,NULL,12,B
BC04,B36,NULL,12,B
BC04,B37,NULL,12,B
BC04,B39,NULL,12,B
BC04,B40,NULL,12,B
BC04,B45,NULL,12,B
BC04,B46,NULL,12,B
BC04,B47,NULL,12,B
BC04,B48,NULL,12,B
BC05,B01,NULL,12,B
BC05,B02,NULL,12,B
BC05,B03,NULL,12,B
BC05,B04,NULL,12,B
BC05,B06,NULL,12,B
BC05,B11,NULL,12,B
BC05,B14,NULL,12,B
BC05,B15,NULL,12,B
BC05,B16,NULL,12,B
BC05,B17,NULL,12,B
BC05,B18,NULL,12,B
BC05,B25,NULL,12,B
BC05,B27,NULL,12,B
BC05,B30,NULL,12,B
BC05,B31,NULL,12,B
BC05,B33,NULL,12,B
BC05,B40,NULL,12,B
BC05,B43,NULL,12,B
BC05,B47,NULL,12,B
BC05,B49,NULL,12,B
BC05,B50,NULL,12,B
BC06,B03,NULL,12,B
BC06,B04,NULL,12,B
BC06,B05,NULL,12,B
BC06,B06,NULL,12,B
BC06,B07,NULL,12,B
BC06,B08,NULL,12,B
BC06,B09,NULL,12,B
BC06,B12,NULL,12,B
BC06,B13,NULL,12,B
BC06,B14,NULL,12,B
BC06,B15,NULL,12,B
BC06,B19,NULL,12,B
BC06,B20,NULL,12,B
BC06,B22,NULL,12,B
BC06,B23,NULL,12,B
BC06,B24,NULL,12,B
BC06,B26,NULL,12,B
BC06,B29,NULL,12,B
BC06,B32,NULL,12,B
BC06,B33,NULL,12,B
BC06,B34,NULL,12,B
BC06,B37,NULL,12,B
BC06,B41,NULL,12,B
BC06,B42,NULL,12,B
BC06,B44,NULL,12,B
BC06,B45,NULL,12,B
BC06,B46,NULL,12,B
BC06,B47,NULL,12,B
BC06,B50,NULL,12,B
BC07,B01,NULL,12,B
BC07,B03,NULL,12,B
BC07,B04,NULL,12,B
BC07,B09,NULL,12,B
BC07,B10,NULL,12,B
BC07,B18,NULL,12,B
BC07,B20,NULL,12,B
BC07,B22,NULL,12,B
BC07,B23,NULL,12,B
BC07,B25,NULL,12,B
BC07,B28,NULL,12,B
BC07,B30,NULL,12,B
BC07,B31,NULL,12,B
BC07,B33,NULL,12,B
BC07,B38,NULL,12,B
BC07,B39,NULL,12,B
BC07,B41,NULL,12,B
BC07,B44,NULL,12,B
BC07,B46,NULL,12,B
BC07,B47,NULL,12,B
BC07,B49,NULL,12,B
BC08,B01,NULL,12,B
BC08,B02,NULL,12,B
BC08,B03,NULL,12,B
BC08,B05,NULL,12,B
BC08,B06,NULL,12,B
BC08,B07,NULL,12,B
BC08,B10,NULL,12,B
BC08,B12,NULL,12,B
BC08,B15,NULL,12,B
BC08,B19,NULL,12,B
BC08,B20,NULL,12,B
BC08,B22,NULL,12,B
BC08,B24,NULL,12,B
BC08,B25,NULL,12,B
BC08,B26,NULL,12,B
BC08,B27,NULL,12,B
BC08,B28,NULL,12,B
BC08,B29,NULL,12,B
BC08,B32,NULL,12,B
BC08,B34,NULL,12,B
BC08,B35,NULL,12,B
BC08,B36,NULL,12,B
BC08,B37,NULL,12,B
BC08,B38,NULL,12,B
BC08,B39,NULL,12,B
BC08,B40,NULL,12,B
BC08,B41,NULL,12,B
BC08,B43,NULL,12,B
BC08,B44,NULL,12,B
BC08,B45,NULL,12,B
BC08,B50,NULL,12,B
BC09,B07,NULL,12,B
BC09,B08,NULL,12,B
BC09,B09,NULL,12,B
BC09,B11,NULL,12,B
BC09,B13,NULL,12,B
BC09,B14,NULL,12,B
BC09,B15,NULL,12,B
BC09,B16,NULL,12,B
BC09,B17,NULL,12,B
BC09,B19,NULL,12,B
BC09,B20,NULL,12,B
BC09,B21,NULL,12,B
BC09,B22,NULL,12,B
BC09,B23,NULL,12,B
BC09,B25,NULL,12,B
BC09,B28,NULL,12,B
BC09,B29,NULL,12,B
BC09,B30,NULL,12,B
BC09,B31,NULL,12,B
BC09,B32,NULL,12,B
BC09,B35,NULL,12,B
BC09,B36,NULL,12,B
BC09,B38,NULL,12,B
BC09,B40,NULL,12,B
BC09,B42,NULL,12,B
BC09,B43,NULL,12,B
BC09,B48,NULL,12,B
BC09,B49,NULL,12,B
BC09,B50,NULL,12,B
BC10,B06,NULL,12,B
BC10,B10,NULL,12,B
BC10,B12,NULL,12,B
BC10,B16,NULL,12,B
BC10,B21,NULL,12,B
BC10,B22,NULL,12,B
BC10,B24,NULL,12,B
BC10,B29,NULL,12,B
BC10,B31,NULL,12,B
BC10,B35,NULL,12,B
BC10,B37,NULL,12,B
BC10,B39,NULL,12,B
BC10,B43,NULL,12,B
BC10,B45,NULL,12,B
BC10,B48,NULL,12,B
CC01,C02,0,12,C
CC01,C03,0,12,C
CC01,C04,0,12,C
CC01,C05,0,12,C
CC01,C12,0,12,C
CC01,C13,0,12,C
CC01,C14,0,12,C
CC01,C16,0,12,C
CC01,C18,0,12,C
CC01,C20,0,12,C
CC01,C23,0,12,C
CC01,C24,0,12,C
CC01,C28,0,12,C
CC01,C29,0,12,C
CC01,C32,0,12,C
CC01,C35,0,12,C
CC01,C36,0,12,C
CC01,C37,0,12,C
CC01,C38,0,12,C
CC01,C40,0,12,C
CC01,C42,0,12,C
CC01,C43,0,12,C
CC01,C44,0,12,C
CC01,C45,0,12,C
CC01,C46,0,12,C
CC01,C47,0,12,C
CC01,C49,0,12,C
CC01,C50,0,12,C
CC02,C03,0,12,C
CC02,C06,0,12,C
CC02,C07,0,12,C
CC02,C12,0,12,C
CC02,C15,0,12,C
CC02,C17,0,12,C
CC02,C18,0,12,C
CC02,C19,0,12,C
CC02,C21,0,12,C
CC02,C22,0,12,C
CC02,C23,0,12,C
CC02,C24,0,12,C
CC02,C25,0,12,C
CC02,C26,0,12,C
CC02,C28,0,12,C
CC02,C30,0,12,C
CC02,C31,0,12,C
CC02,C32,0,12,C
CC02,C33,0,12,C
CC02,C34,0,12,C
CC02,C36,0,12,C
CC02,C40,0,12,C
CC02,C41,0,12,C
CC02,C42,0,12,C
CC02,C45,0,12,C
CC02,C46,0,12,C
CC02,C47,0,12,C
CC02,C48,0,12,C
CC03,C01,0,12,C
CC03,C02,0,12,C
CC03,C05,0,12,C
CC03,C06,0,12,C
CC03,C07,0,12,C
CC03,C09,0,12,C
CC03,C10,0,12,C
CC03,C11,0,12,C
CC03,C12,0,12,C
CC03,C13,0,12,C
CC03,C14,0,12,C
CC03,C15,0,12,C
CC03,C17,0,12,C
CC03,C18,0,12,C
CC03,C19,0,12,C
CC03,C20,0,12,C
CC03,C24,0,12,C
CC03,C25,0,12,C
CC03,C26,0,12,C
CC03,C29,0,12,C
CC03,C32,0,12,C
CC03,C33,0,12,C
CC03,C34,0,12,C
CC03,C39,0,12,C
CC03,C40,0,12,C
CC03,C41,0,12,C
CC03,C42,0,12,C
CC03,C44,0,12,C
CC03,C47,0,12,C
CC03,C48,0,12,C
CC03,C49,0,12,C
CC04,C01,0,12,C
CC04,C03,0,12,C
CC04,C04,0,12,C
CC04,C05,0,12,C
CC04,C06,0,12,C
CC04,C07,0,12,C
CC04,C08,0,12,C
CC04,C09,0,12,C
CC04,C10,0,12,C
CC04,C13,0,12,C
CC04,C14,0,12,C
CC04,C15,0,12,C
CC04,C16,0,12,C
CC04,C20,0,12,C
CC04,C23,0,12,C
CC04,C27,0,12,C
CC04,C28,0,12,C
CC04,C30,0,12,C
CC04,C35,0,12,C
CC04,C37,0,12,C
CC04,C38,0,12,C
CC04,C39,0,12,C
CC04,C43,0,12,C
CC04,C44,0,12,C
CC04,C47,0,12,C
CC04,C48,0,12,C
CC05,C01,0,12,C
CC05,C02,0,12,C
CC05,C04,0,12,C
CC05,C06,0,12,C
CC05,C07,0,12,C
CC05,C08,0,12,C
CC05,C10,0,12,C
CC05,C11,0,12,C
CC05,C12,0,12,C
CC05,C15,0,12,C
CC05,C17,0,12,C
CC05,C21,0,12,C
CC05,C22,0,12,C
CC05,C26,0,12,C
CC05,C27,0,12,C
CC05,C33,0,12,C
CC05,C34,0,12,C
CC05,C36,0,12,C
CC05,C38,0,12,C
CC05,C39,0,12,C
CC05,C40,0,12,C
CC05,C44,0,12,C
CC05,C45,0,12,C
CC05,C46,0,12,C
CC05,C49,0,12,C
CC05,C50,0,12,C
CC06,C01,0,12,C
CC06,C03,0,12,C
CC06,C04,0,12,C
CC06,C05,0,12,C
CC06,C06,0,12,C
CC06,C07,0,12,C
CC06,C08,0,12,C
CC06,C09,0,12,C
CC06,C11,0,12,C
CC06,C12,0,12,C
CC06,C16,0,12,C
CC06,C19,0,12,C
CC06,C20,0,12,C
CC06,C21,0,12,C
CC06,C22,0,12,C
CC06,C24,0,12,C
CC06,C25,0,12,C
CC06,C26,0,12,C
CC06,C29,0,12,C
CC06,C30,0,12,C
CC06,C31,0,12,C
CC06,C32,0,12,C
CC06,C35,0,12,C
CC06,C38,0,12,C
CC06,C39,0,12,C
CC06,C46,0,12,C
CC06,C48,0,12,C
CC06,C50,0,12,C
CC07,C01,0,12,C
CC07,C03,0,12,C
CC07,C10,0,12,C
CC07,C11,0,12,C
CC07,C16,0,12,C
CC07,C20,0,12,C
CC07,C25,0,12,C
CC07,C28,0,12,C
CC07,C29,0,12,C
CC07,C31,0,12,C
CC07,C34,0,12,C
CC07,C36,0,12,C
CC07,C37,0,12,C
CC07,C42,0,12,C
CC07,C43,0,12,C
CC07,C49,0,12,C
CC08,C02,0,12,C
CC08,C05,0,12,C
CC08,C09,0,12,C
CC08,C11,0,12,C
CC08,C14,0,12,C
CC08,C16,0,12,C
CC08,C17,0,12,C
CC08,C18,0,12,C
CC08,C22,0,12,C
CC08,C23,0,12,C
CC08,C27,0,12,C
CC08,C30,0,12,C
CC08,C31,0,12,C
CC08,C33,0,12,C
CC08,C34,0,12,C
CC08,C35,0,12,C
CC08,C37,0,12,C
CC08,C38,0,12,C
CC08,C39,0,12,C
CC08,C41,0,12,C
CC08,C43,0,12,C
CC08,C47,0,12,C
CC08,C50,0,12,C
CC09,C08,0,12,C
CC09,C10,0,12,C
CC09,C13,0,12,C
CC09,C18,0,12,C
CC09,C19,0,12,C
CC09,C21,0,12,C
CC09,C24,0,12,C
CC09,C26,0,12,C
CC09,C27,0,12,C
CC09,C28,0,12,C
CC09,C31,0,12,C
CC09,C32,0,12,C
CC09,C35,0,12,C
CC09,C37,0,12,C
CC09,C41,0,12,C
CC09,C44,0,12,C
CC09,C45,0,12,C
CC09,C46,0,12,C
CC09,C49,0,12,C
CC09,C50,0,12,C
CC10,C02,0,12,C
CC10,C04,0,12,C
CC10,C08,0,12,C
CC10,C09,0,12,C
CC10,C13,0,12,C
CC10,C14,0,12,C
CC10,C15,0,12,C
CC10,C17,0,12,C
CC10,C19,0,12,C
CC10,C21,0,12,C
CC10,C22,0,12,C
CC10,C23,0,12,C
CC10,C25,0,12,C
CC10,C27,0,12,C
CC10,C29,0,12,C
CC10,C30,0,12,C
CC10,C33,0,12,C
CC10,C36,0,12,C
CC10,C40,0,12,C
CC10,C41,0,12,C
CC10,C42,0,12,C
CC10,C43,0,12,C
CC10,C45,0,12,C
CC10,C48,0,12,C
B14-C001,B14-S001,75,14,B
B14-C001,B14-S007,93,14,B
B14-C001,B14-S008,96,14,B
B14-C001,B14-S009,99,14,B
B14-C001,B14-S010,61,14,B
B14-C001,B14-S011,64,14,B
B14-C001,B14-S013,70,14,B
B14-C001,B14-S015,76,14,B
B14-C001,B14-S017,82,14,B
B14-C001,B14-S019,88,14,B
B14-C001,B14-S021,94,14,B
B14-C001,B14-S023,100,14,B
B14-C001,B14-S025,65,14,B
B14-C001,B14-S027,71,14,B
B14-C001,B14-S029,77,14,B
B14-C001,B14-S031,83,14,B
B14-C001,B14-S033,89,14,B
B14-C001,B14-S035,95,14,B
B14-C001,B14-S037,60,14,B
B14-C001,B14-S039,66,14,B
B14-C001,B14-S041,72,14,B
B14-C001,B14-S043,78,14,B
B14-C001,B14-S045,84,14,B
B14-C001,B14-S047,90,14,B
B14-C001,B14-S049,96,14,B
B14-C002,B14-S001,82,14,B
B14-C002,B14-S002,85,14,B
B14-C002,B14-S008,62,14,B
B14-C002,B14-S009,65,14,B
B14-C002,B14-S010,68,14,B
B14-C002,B14-S012,74,14,B
B14-C002,B14-S013,77,14,B
B14-C002,B14-S016,86,14,B
B14-C002,B14-S017,89,14,B
B14-C002,B14-S020,98,14,B
B14-C002,B14-S021,60,14,B
B14-C002,B14-S024,69,14,B
B14-C002,B14-S026,75,14,B
B14-C002,B14-S027,78,14,B
B14-C002,B14-S030,87,14,B
B14-C002,B14-S032,93,14,B
B14-C002,B14-S033,96,14,B
B14-C002,B14-S036,64,14,B
B14-C002,B14-S038,70,14,B
B14-C002,B14-S039,73,14,B
B14-C002,B14-S042,82,14,B
B14-C002,B14-S044,88,14,B
B14-C002,B14-S045,91,14,B
B14-C002,B14-S048,100,14,B
B14-C002,B14-S050,65,14,B
B14-C003,B14-S001,89,14,B
B14-C003,B14-S002,92,14,B
B14-C003,B14-S003,95,14,B
B14-C003,B14-S009,72,14,B
B14-C003,B14-S010,75,14,B
B14-C003,B14-S011,78,14,B
B14-C003,B14-S014,87,14,B
B14-C003,B14-S016,93,14,B
B14-C003,B14-S017,96,14,B
B14-C003,B14-S019,61,14,B
B14-C003,B14-S022,70,14,B
B14-C003,B14-S024,76,14,B
B14-C003,B14-S025,79,14,B
B14-C003,B14-S028,88,14,B
B14-C003,B14-S030,94,14,B
B14-C003,B14-S032,100,14,B
B14-C003,B14-S034,65,14,B
B14-C003,B14-S035,68,14,B
B14-C003,B14-S038,77,14,B
B14-C003,B14-S040,83,14,B
B14-C003,B14-S041,86,14,B
B14-C003,B14-S044,95,14,B
B14-C003,B14-S046,60,14,B
B14-C003,B14-S048,66,14,B
B14-C003,B14-S049,69,14,B
B14-C004,B14-S001,96,14,B
B14-C004,B14-S002,99,14,B
B14-C004,B14-S003,61,14,B
B14-C004,B14-S004,64,14,B
B14-C004,B14-S010,82,14,B
B14-C004,B14-S012,88,14,B
B14-C004,B14-S013,91,14,B
B14-C004,B14-S015,97,14,B
B14-C004,B14-S018,65,14,B
B14-C004,B14-S020,71,14,B
B14-C004,B14-S022,77,14,B
B14-C004,B14-S023,80,14,B
B14-C004,B14-S026,89,14,B
B14-C004,B14-S028,95,14,B
B14-C004,B14-S029,98,14,B
B14-C004,B14-S032,66,14,B
B14-C004,B14-S034,72,14,B
B14-C004,B14-S036,78,14,B
B14-C004,B14-S037,81,14,B
B14-C004,B14-S039,87,14,B
B14-C004,B14-S042,96,14,B
B14-C004,B14-S043,99,14,B
B14-C004,B14-S046,67,14,B
B14-C004,B14-S048,73,14,B
B14-C004,B14-S050,79,14,B
B14-C005,B14-S001,62,14,B
B14-C005,B14-S002,65,14,B
B14-C005,B14-S003,68,14,B
B14-C005,B14-S004,71,14,B
B14-C005,B14-S005,74,14,B
B14-C005,B14-S011,92,14,B
B14-C005,B14-S014,60,14,B
B14-C005,B14-S016,66,14,B
B14-C005,B14-S018,72,14,B
B14-C005,B14-S019,75,14,B
B14-C005,B14-S021,81,14,B
B14-C005,B14-S023,87,14,B
B14-C005,B14-S026,96,14,B
B14-C005,B14-S028,61,14,B
B14-C005,B14-S030,67,14,B
B14-C005,B14-S031,70,14,B
B14-C005,B14-S034,79,14,B
B14-C005,B14-S036,85,14,B
B14-C005,B14-S038,91,14,B
B14-C005,B14-S040,97,14,B
B14-C005,B14-S041,100,14,B
B14-C005,B14-S043,65,14,B
B14-C005,B14-S046,74,14,B
B14-C005,B14-S047,77,14,B
B14-C005,B14-S050,86,14,B
B14-C006,B14-S002,72,14,B
B14-C006,B14-S003,75,14,B
B14-C006,B14-S004,78,14,B
B14-C006,B14-S005,81,14,B
B14-C006,B14-S006,84,14,B
B14-C006,B14-S012,61,14,B
B14-C006,B14-S013,64,14,B
B14-C006,B14-S015,70,14,B
B14-C006,B14-S017,76,14,B
B14-C006,B14-S020,85,14,B
B14-C006,B14-S022,91,14,B
B14-C006,B14-S024,97,14,B
B14-C006,B14-S025,100,14,B
B14-C006,B14-S028,68,14,B
B14-C006,B14-S030,74,14,B
B14-C006,B14-S031,77,14,B
B14-C006,B14-S033,83,14,B
B14-C006,B14-S036,92,14,B
B14-C006,B14-S037,95,14,B
B14-C006,B14-S040,63,14,B
B14-C006,B14-S042,69,14,B
B14-C006,B14-S044,75,14,B
B14-C006,B14-S046,81,14,B
B14-C006,B14-S048,87,14,B
B14-C006,B14-S049,90,14,B
B14-C007,B14-S003,82,14,B
B14-C007,B14-S004,85,14,B
B14-C007,B14-S005,88,14,B
B14-C007,B14-S006,91,14,B
B14-C007,B14-S007,94,14,B
B14-C007,B14-S011,65,14,B
B14-C007,B14-S014,74,14,B
B14-C007,B14-S016,80,14,B
B14-C007,B14-S018,86,14,B
B14-C007,B14-S020,92,14,B
B14-C007,B14-S022,98,14,B
B14-C007,B14-S023,60,14,B
B14-C007,B14-S026,69,14,B
B14-C007,B14-S027,72,14,B
B14-C007,B14-S029,78,14,B
B14-C007,B14-S032,87,14,B
B14-C007,B14-S034,93,14,B
B14-C007,B14-S035,96,14,B
B14-C007,B14-S038,64,14,B
B14-C007,B14-S040,70,14,B
B14-C007,B14-S042,76,14,B
B14-C007,B14-S044,82,14,B
B14-C007,B14-S045,85,14,B
B14-C007,B14-S047,91,14,B
B14-C007,B14-S049,97,14,B
B14-C008,B14-S004,92,14,B
B14-C008,B14-S005,95,14,B
B14-C008,B14-S006,98,14,B
B14-C008,B14-S007,60,14,B
B14-C008,B14-S008,63,14,B
B14-C008,B14-S012,75,14,B
B14-C008,B14-S013,78,14,B
B14-C008,B14-S015,84,14,B
B14-C008,B14-S018,93,14,B
B14-C008,B14-S019,96,14,B
B14-C008,B14-S021,61,14,B
B14-C008,B14-S024,70,14,B
B14-C008,B14-S025,73,14,B
B14-C008,B14-S027,79,14,B
B14-C008,B14-S029,85,14,B
B14-C008,B14-S032,94,14,B
B14-C008,B14-S034,100,14,B
B14-C008,B14-S035,62,14,B
B14-C008,B14-S037,68,14,B
B14-C008,B14-S039,74,14,B
B14-C008,B14-S042,83,14,B
B14-C008,B14-S043,86,14,B
B14-C008,B14-S046,95,14,B
B14-C008,B14-S047,98,14,B
B14-C008,B14-S050,66,14,B
B14-C009,B14-S005,61,14,B
B14-C009,B14-S006,64,14,B
B14-C009,B14-S007,67,14,B
B14-C009,B14-S008,70,14,B
B14-C009,B14-S009,73,14,B
B14-C009,B14-S011,79,14,B
B14-C009,B14-S014,88,14,B
B14-C009,B14-S016,94,14,B
B14-C009,B14-S018,100,14,B
B14-C009,B14-S020,65,14,B
B14-C009,B14-S022,71,14,B
B14-C009,B14-S024,77,14,B
B14-C009,B14-S026,83,14,B
B14-C009,B14-S028,89,14,B
B14-C009,B14-S029,92,14,B
B14-C009,B14-S031,98,14,B
B14-C009,B14-S033,63,14,B
B14-C009,B14-S036,72,14,B
B14-C009,B14-S038,78,14,B
B14-C009,B14-S040,84,14,B
B14-C009,B14-S041,87,14,B
B14-C009,B14-S043,93,14,B
B14-C009,B14-S045,99,14,B
B14-C009,B14-S048,67,14,B
B14-C009,B14-S050,73,14,B
B14-C010,B14-S006,71,14,B
B14-C010,B14-S007,74,14,B
B14-C010,B14-S008,77,14,B
B14-C010,B14-S009,80,14,B
B14-C010,B14-S010,83,14,B
B14-C010,B14-S012,89,14,B
B14-C010,B14-S014,95,14,B
B14-C010,B14-S015,98,14,B
B14-C010,B14-S017,63,14,B
B14-C010,B14-S019,69,14,B
B14-C010,B14-S021,75,14,B
B14-C010,B14-S023,81,14,B
B14-C010,B14-S025,87,14,B
B14-C010,B14-S027,93,14,B
B14-C010,B14-S030,61,14,B
B14-C010,B14-S031,64,14,B
B14-C010,B14-S033,70,14,B
B14-C010,B14-S035,76,14,B
B14-C010,B14-S037,82,14,B
B14-C010,B14-S039,88,14,B
B14-C010,B14-S041,94,14,B
B14-C010,B14-S044,62,14,B
B14-C010,B14-S045,65,14,B
B14-C010,B14-S047,71,14,B
B14-C010,B14-S049,77,14,B
C14-C001,C14-S001,78,14,C
C14-C001,C14-S007,96,14,C
C14-C001,C14-S008,99,14,C
C14-C001,C14-S009,61,14,C
C14-C001,C14-S010,64,14,C
C14-C001,C14-S011,67,14,C
C14-C001,C14-S013,73,14,C
C14-C001,C14-S015,79,14,C
C14-C001,C14-S017,85,14,C
C14-C001,C14-S019,91,14,C
C14-C001,C14-S021,97,14,C
C14-C001,C14-S023,62,14,C
C14-C001,C14-S025,68,14,C
C14-C001,C14-S027,74,14,C
C14-C001,C14-S029,80,14,C
C14-C001,C14-S031,86,14,C
C14-C001,C14-S033,92,14,C
C14-C001,C14-S035,98,14,C
C14-C001,C14-S037,63,14,C
C14-C001,C14-S039,69,14,C
C14-C001,C14-S041,75,14,C
C14-C001,C14-S043,81,14,C
C14-C001,C14-S045,87,14,C
C14-C001,C14-S047,93,14,C
C14-C001,C14-S049,99,14,C
C14-C002,C14-S001,85,14,C
C14-C002,C14-S002,88,14,C
C14-C002,C14-S008,65,14,C
C14-C002,C14-S009,68,14,C
C14-C002,C14-S010,71,14,C
C14-C002,C14-S012,77,14,C
C14-C002,C14-S013,80,14,C
C14-C002,C14-S016,89,14,C
C14-C002,C14-S017,92,14,C
C14-C002,C14-S020,60,14,C
C14-C002,C14-S021,63,14,C
C14-C002,C14-S024,72,14,C
C14-C002,C14-S026,78,14,C
C14-C002,C14-S027,81,14,C
C14-C002,C14-S030,90,14,C
C14-C002,C14-S032,96,14,C
C14-C002,C14-S033,99,14,C
C14-C002,C14-S036,67,14,C
C14-C002,C14-S038,73,14,C
C14-C002,C14-S039,76,14,C
C14-C002,C14-S042,85,14,C
C14-C002,C14-S044,91,14,C
C14-C002,C14-S045,94,14,C
C14-C002,C14-S048,62,14,C
C14-C002,C14-S050,68,14,C
C14-C003,C14-S001,92,14,C
C14-C003,C14-S002,95,14,C
C14-C003,C14-S003,98,14,C
C14-C003,C14-S009,75,14,C
C14-C003,C14-S010,78,14,C
C14-C003,C14-S011,81,14,C
C14-C003,C14-S014,90,14,C
C14-C003,C14-S016,96,14,C
C14-C003,C14-S017,99,14,C
C14-C003,C14-S019,64,14,C
C14-C003,C14-S022,73,14,C
C14-C003,C14-S024,79,14,C
C14-C003,C14-S025,82,14,C
C14-C003,C14-S028,91,14,C
C14-C003,C14-S030,97,14,C
C14-C003,C14-S032,62,14,C
C14-C003,C14-S034,68,14,C
C14-C003,C14-S035,71,14,C
C14-C003,C14-S038,80,14,C
C14-C003,C14-S040,86,14,C
C14-C003,C14-S041,89,14,C
C14-C003,C14-S044,98,14,C
C14-C003,C14-S046,63,14,C
C14-C003,C14-S048,69,14,C
C14-C003,C14-S049,72,14,C
C14-C004,C14-S001,99,14,C
C14-C004,C14-S002,61,14,C
C14-C004,C14-S003,64,14,C
C14-C004,C14-S004,67,14,C
C14-C004,C14-S010,85,14,C
C14-C004,C14-S012,91,14,C
C14-C004,C14-S013,94,14,C
C14-C004,C14-S015,100,14,C
C14-C004,C14-S018,68,14,C
C14-C004,C14-S020,74,14,C
C14-C004,C14-S022,80,14,C
C14-C004,C14-S023,83,14,C
C14-C004,C14-S026,92,14,C
C14-C004,C14-S028,98,14,C
C14-C004,C14-S029,60,14,C
C14-C004,C14-S032,69,14,C
C14-C004,C14-S034,75,14,C
C14-C004,C14-S036,81,14,C
C14-C004,C14-S037,84,14,C
C14-C004,C14-S039,90,14,C
C14-C004,C14-S042,99,14,C
C14-C004,C14-S043,61,14,C
C14-C004,C14-S046,70,14,C
C14-C004,C14-S048,76,14,C
C14-C004,C14-S050,82,14,C
C14-C005,C14-S001,65,14,C
C14-C005,C14-S002,68,14,C
C14-C005,C14-S003,71,14,C
C14-C005,C14-S004,74,14,C
C14-C005,C14-S005,77,14,C
C14-C005,C14-S011,95,14,C
C14-C005,C14-S014,63,14,C
C14-C005,C14-S016,69,14,C
C14-C005,C14-S018,75,14,C
C14-C005,C14-S019,78,14,C
C14-C005,C14-S021,84,14,C
C14-C005,C14-S023,90,14,C
C14-C005,C14-S026,99,14,C
C14-C005,C14-S028,64,14,C
C14-C005,C14-S030,70,14,C
C14-C005,C14-S031,73,14,C
C14-C005,C14-S034,82,14,C
C14-C005,C14-S036,88,14,C
C14-C005,C14-S038,94,14,C
C14-C005,C14-S040,100,14,C
C14-C005,C14-S041,62,14,C
C14-C005,C14-S043,68,14,C
C14-C005,C14-S046,77,14,C
C14-C005,C14-S047,80,14,C
C14-C005,C14-S050,89,14,C
C14-C006,C14-S002,75,14,C
C14-C006,C14-S003,78,14,C
C14-C006,C14-S004,81,14,C
C14-C006,C14-S005,84,14,C
C14-C006,C14-S006,87,14,C
C14-C006,C14-S012,64,14,C
C14-C006,C14-S013,67,14,C
C14-C006,C14-S015,73,14,C
C14-C006,C14-S017,79,14,C
C14-C006,C14-S020,88,14,C
C14-C006,C14-S022,94,14,C
C14-C006,C14-S024,100,14,C
C14-C006,C14-S025,62,14,C
C14-C006,C14-S028,71,14,C
C14-C006,C14-S030,77,14,C
C14-C006,C14-S031,80,14,C
C14-C006,C14-S033,86,14,C
C14-C006,C14-S036,95,14,C
C14-C006,C14-S037,98,14,C
C14-C006,C14-S040,66,14,C
C14-C006,C14-S042,72,14,C
C14-C006,C14-S044,78,14,C
C14-C006,C14-S046,84,14,C
C14-C006,C14-S048,90,14,C
C14-C006,C14-S049,93,14,C
C14-C007,C14-S003,85,14,C
C14-C007,C14-S004,88,14,C
C14-C007,C14-S005,91,14,C
C14-C007,C14-S006,94,14,C
C14-C007,C14-S007,97,14,C
C14-C007,C14-S011,68,14,C
C14-C007,C14-S014,77,14,C
C14-C007,C14-S016,83,14,C
C14-C007,C14-S018,89,14,C
C14-C007,C14-S020,95,14,C
C14-C007,C14-S022,60,14,C
C14-C007,C14-S023,63,14,C
C14-C007,C14-S026,72,14,C
C14-C007,C14-S027,75,14,C
C14-C007,C14-S029,81,14,C
C14-C007,C14-S032,90,14,C
C14-C007,C14-S034,96,14,C
C14-C007,C14-S035,99,14,C
C14-C007,C14-S038,67,14,C
C14-C007,C14-S040,73,14,C
C14-C007,C14-S042,79,14,C
C14-C007,C14-S044,85,14,C
C14-C007,C14-S045,88,14,C
C14-C007,C14-S047,94,14,C
C14-C007,C14-S049,100,14,C
C14-C008,C14-S004,95,14,C
C14-C008,C14-S005,98,14,C
C14-C008,C14-S006,60,14,C
C14-C008,C14-S007,63,14,C
C14-C008,C14-S008,66,14,C
C14-C008,C14-S012,78,14,C
C14-C008,C14-S013,81,14,C
C14-C008,C14-S015,87,14,C
C14-C008,C14-S018,96,14,C
C14-C008,C14-S019,99,14,C
C14-C008,C14-S021,64,14,C
C14-C008,C14-S024,73,14,C
C14-C008,C14-S025,76,14,C
C14-C008,C14-S027,82,14,C
C14-C008,C14-S029,88,14,C
C14-C008,C14-S032,97,14,C
C14-C008,C14-S034,62,14,C
C14-C008,C14-S035,65,14,C
C14-C008,C14-S037,71,14,C
C14-C008,C14-S039,77,14,C
C14-C008,C14-S042,86,14,C
C14-C008,C14-S043,89,14,C
C14-C008,C14-S046,98,14,C
C14-C008,C14-S047,60,14,C
C14-C008,C14-S050,69,14,C
C14-C009,C14-S005,64,14,C
C14-C009,C14-S006,67,14,C
C14-C009,C14-S007,70,14,C
C14-C009,C14-S008,73,14,C
C14-C009,C14-S009,76,14,C
C14-C009,C14-S011,82,14,C
C14-C009,C14-S014,91,14,C
C14-C009,C14-S016,97,14,C
C14-C009,C14-S018,62,14,C
C14-C009,C14-S020,68,14,C
C14-C009,C14-S022,74,14,C
C14-C009,C14-S024,80,14,C
C14-C009,C14-S026,86,14,C
C14-C009,C14-S028,92,14,C
C14-C009,C14-S029,95,14,C
C14-C009,C14-S031,60,14,C
C14-C009,C14-S033,66,14,C
C14-C009,C14-S036,75,14,C
C14-C009,C14-S038,81,14,C
C14-C009,C14-S040,87,14,C
C14-C009,C14-S041,90,14,C
C14-C009,C14-S043,96,14,C
C14-C009,C14-S045,61,14,C
C14-C009,C14-S048,70,14,C
C14-C009,C14-S050,76,14,C
C14-C010,C14-S006,74,14,C
C14-C010,C14-S007,77,14,C
C14-C010,C14-S008,80,14,C
C14-C010,C14-S009,83,14,C
C14-C010,C14-S010,86,14,C
C14-C010,C14-S012,92,14,C
C14-C010,C14-S014,98,14,C
C14-C010,C14-S015,60,14,C
C14-C010,C14-S017,66,14,C
C14-C010,C14-S019,72,14,C
C14-C010,C14-S021,78,14,C
C14-C010,C14-S023,84,14,C
C14-C010,C14-S025,90,14,C
C14-C010,C14-S027,96,14,C
C14-C010,C14-S030,64,14,C
C14-C010,C14-S031,67,14,C
C14-C010,C14-S033,73,14,C
C14-C010,C14-S035,79,14,C
C14-C010,C14-S037,85,14,C
C14-C010,C14-S039,91,14,C
C14-C010,C14-S041,97,14,C
C14-C010,C14-S044,65,14,C
C14-C010,C14-S045,68,14,C
C14-C010,C14-S047,74,14,C
C14-C010,C14-S049,80,14,C
15A001,15A001,81,15,A
15A001,15A002,96,15,A
15A001,15A003,97,15,A
15A001,15A004,82,15,A
15A001,15A005,75,15,A
15A001,15A006,79,15,A
15A001,15A007,85,15,A
15A001,15A008,97,15,A
15A001,15A009,78,15,A
15A001,15A010,83,15,A
15A001,15A011,87,15,A
15A001,15A012,71,15,A
15A001,15A013,78,15,A
15A001,15A014,84,15,A
15A001,15A015,90,15,A
15A001,15A016,93,15,A
15A001,15A017,84,15,A
15A001,15A018,89,15,A
15A001,15A019,85,15,A
15A001,15A020,70,15,A
15A001,15A021,95,15,A
15A001,15A022,74,15,A
15A001,15A023,79,15,A
15A001,15A024,96,15,A
15A001,15A025,92,15,A
15A001,15A026,99,15,A
15A001,15A027,80,15,A
15A001,15A028,96,15,A
15A001,15A029,94,15,A
15A001,15A030,86,15,A
15A001,15A031,78,15,A
15A001,15A032,78,15,A
15A001,15A033,83,15,A
15A001,15A034,90,15,A
15A001,15A035,89,15,A
15A001,15A036,73,15,A
15A001,15A037,92,15,A
15A001,15A038,86,15,A
15A001,15A039,99,15,A
15A001,15A040,96,15,A
15A001,15A041,96,15,A
15A001,15A042,96,15,A
15A001,15A043,93,15,A
15A001,15A044,92,15,A
15A001,15A045,90,15,A
15A001,15A046,94,15,A
15A001,15A047,89,15,A
15A001,15A048,89,15,A
15A001,15A049,89,15,A
15A001,15A050,97,15,A
15A002,15A001,75,15,A
15A002,15A002,84,15,A
15A002,15A003,90,15,A
15A002,15A004,94,15,A
15A002,15A005,90,15,A
15A002,15A006,81,15,A
15A002,15A007,87,15,A
15A002,15A008,92,15,A
15A002,15A009,92,15,A
15A002,15A010,70,15,A
15A002,15A011,76,15,A
15A002,15A012,96,15,A
15A002,15A013,72,15,A
15A002,15A014,81,15,A
15A002,15A015,83,15,A
15A002,15A016,92,15,A
15A002,15A017,75,15,A
15A002,15A018,89,15,A
15A002,15A019,93,15,A
15A002,15A020,90,15,A
15A002,15A021,90,15,A
15A002,15A022,72,15,A
15A002,15A023,99,15,A
15A002,15A024,91,15,A
15A002,15A025,81,15,A
15A002,15A026,89,15,A
15A002,15A027,95,15,A
15A002,15A028,77,15,A
15A002,15A029,97,15,A
15A002,15A030,97,15,A
15A002,15A031,91,15,A
15A002,15A032,75,15,A
15A002,15A033,77,15,A
15A002,15A034,76,15,A
15A002,15A035,97,15,A
15A002,15A036,70,15,A
15A002,15A037,77,15,A
15A002,15A038,70,15,A
15A002,15A039,91,15,A
15A002,15A040,85,15,A
15A002,15A041,77,15,A
15A002,15A042,88,15,A
15A002,15A043,85,15,A
15A002,15A044,83,15,A
15A002,15A045,93,15,A
15A002,15A046,96,15,A
15A002,15A047,74,15,A
15A002,15A048,89,15,A
15A002,15A049,79,15,A
15A002,15A050,90,15,A
15A003,15A001,84,15,A
15A003,15A002,94,15,A
15A003,15A003,84,15,A
15A003,15A004,91,15,A
15A003,15A005,94,15,A
15A003,15A006,79,15,A
15A003,15A007,77,15,A
15A003,15A008,99,15,A
15A003,15A009,74,15,A
15A003,15A010,75,15,A
15A003,15A011,91,15,A
15A003,15A012,72,15,A
15A003,15A013,74,15,A
15A003,15A014,80,15,A
15A003,15A015,75,15,A
15A003,15A016,80,15,A
15A003,15A017,81,15,A
15A003,15A018,96,15,A
15A003,15A019,96,15,A
15A003,15A020,91,15,A
15A003,15A021,86,15,A
15A003,15A022,76,15,A
15A003,15A023,99,15,A
15A003,15A024,97,15,A
15A003,15A025,99,15,A
15A003,15A026,90,15,A
15A003,15A027,75,15,A
15A003,15A028,78,15,A
15A003,15A029,73,15,A
15A003,15A030,82,15,A
15A003,15A031,94,15,A
15A003,15A032,78,15,A
15A003,15A033,87,15,A
15A003,15A034,95,15,A
15A003,15A035,80,15,A
15A003,15A036,75,15,A
15A003,15A037,85,15,A
15A003,15A038,81,15,A
15A003,15A039,79,15,A
15A003,15A040,82,15,A
15A003,15A041,92,15,A
15A003,15A042,73,15,A
15A003,15A043,93,15,A
15A003,15A044,81,15,A
15A003,15A045,74,15,A
15A003,15A046,81,15,A
15A003,15A047,83,15,A
15A003,15A048,89,15,A
15A003,15A049,75,15,A
15A003,15A050,76,15,A
15A004,15A001,94,15,A
15A004,15A002,71,15,A
15A004,15A003,76,15,A
15A004,15A004,84,15,A
15A004,15A005,75,15,A
15A004,15A006,89,15,A
15A004,15A007,85,15,A
15A004,15A008,74,15,A
15A004,15A009,99,15,A
15A004,15A010,93,15,A
15A004,15A011,75,15,A
15A004,15A012,97,15,A
15A004,15A013,78,15,A
15A004,15A014,79,15,A
15A004,15A015,70,15,A
15A004,15A016,94,15,A
15A004,15A017,89,15,A
15A004,15A018,88,15,A
15A004,15A019,86,15,A
15A004,15A020,70,15,A
15A004,15A021,85,15,A
15A004,15A022,71,15,A
15A004,15A023,79,15,A
15A004,15A024,72,15,A
15A004,15A025,98,15,A
15A004,15A026,81,15,A
15A004,15A027,72,15,A
15A004,15A028,90,15,A
15A004,15A029,95,15,A
15A004,15A030,74,15,A
15A004,15A031,71,15,A
15A004,15A032,85,15,A
15A004,15A033,79,15,A
15A004,15A034,85,15,A
15A004,15A035,86,15,A
15A004,15A036,79,15,A
15A004,15A037,96,15,A
15A004,15A038,71,15,A
15A004,15A039,96,15,A
15A004,15A040,80,15,A
15A004,15A041,82,15,A
15A004,15A042,91,15,A
15A004,15A043,83,15,A
15A004,15A044,96,15,A
15A004,15A045,87,15,A
15A004,15A046,86,15,A
15A004,15A047,72,15,A
15A004,15A048,96,15,A
15A004,15A049,71,15,A
15A004,15A050,99,15,A
15A005,15A001,93,15,A
15A005,15A002,86,15,A
15A005,15A003,74,15,A
15A005,15A004,97,15,A
15A005,15A005,98,15,A
15A005,15A006,96,15,A
15A005,15A007,72,15,A
15A005,15A008,91,15,A
15A005,15A009,83,15,A
15A005,15A010,89,15,A
15A005,15A011,98,15,A
15A005,15A012,82,15,A
15A005,15A013,76,15,A
15A005,15A014,91,15,A
15A005,15A015,70,15,A
15A005,15A016,97,15,A
15A005,15A017,74,15,A
15A005,15A018,98,15,A
15A005,15A019,81,15,A
15A005,15A020,94,15,A
15A005,15A021,81,15,A
15A005,15A022,91,15,A
15A005,15A023,96,15,A
15A005,15A024,80,15,A
15A005,15A025,70,15,A
15A005,15A026,94,15,A
15A005,15A027,85,15,A
15A005,15A028,75,15,A
15A005,15A029,76,15,A
15A005,15A030,84,15,A
15A005,15A031,80,15,A
15A005,15A032,93,15,A
15A005,15A033,93,15,A
15A005,15A034,97,15,A
15A005,15A035,96,15,A
15A005,15A036,95,15,A
15A005,15A037,80,15,A
15A005,15A038,90,15,A
15A005,15A039,96,15,A
15A005,15A040,73,15,A
15A005,15A041,78,15,A
15A005,15A042,83,15,A
15A005,15A043,72,15,A
15A005,15A044,81,15,A
15A005,15A045,89,15,A
15A005,15A046,98,15,A
15A005,15A047,78,15,A
15A005,15A048,78,15,A
15A005,15A049,92,15,A
15A005,15A050,95,15,A
15B001,15B001,98,15,B
15B001,15B002,90,15,B
15B001,15B003,84,15,B
15B001,15B004,92,15,B
15B001,15B005,86,15,B
15B001,15B006,82,15,B
15B001,15B007,92,15,B
15B001,15B008,76,15,B
15B001,15B009,88,15,B
15B001,15B010,97,15,B
15B001,15B011,99,15,B
15B001,15B012,98,15,B
15B001,15B013,82,15,B
15B001,15B014,99,15,B
15B001,15B015,95,15,B
15B001,15B016,76,15,B
15B001,15B017,85,15,B
15B001,15B018,90,15,B
15B001,15B019,99,15,B
15B001,15B020,83,15,B
15B001,15B021,87,15,B
15B001,15B022,74,15,B
15B001,15B023,73,15,B
15B001,15B024,98,15,B
15B001,15B025,98,15,B
15B001,15B026,84,15,B
15B001,15B027,83,15,B
15B001,15B028,87,15,B
15B001,15B029,80,15,B
15B001,15B030,90,15,B
15B001,15B031,72,15,B
15B001,15B032,82,15,B
15B001,15B033,92,15,B
15B001,15B034,80,15,B
15B001,15B035,75,15,B
15B001,15B036,76,15,B
15B001,15B037,91,15,B
15B001,15B038,97,15,B
15B001,15B039,96,15,B
15B001,15B040,79,15,B
15B001,15B041,97,15,B
15B001,15B042,76,15,B
15B001,15B043,92,15,B
15B001,15B044,90,15,B
15B001,15B045,94,15,B
15B001,15B046,91,15,B
15B001,15B047,74,15,B
15B001,15B048,93,15,B
15B001,15B049,88,15,B
15B001,15B050,82,15,B
15B002,15B001,87,15,B
15B002,15B002,93,15,B
15B002,15B003,83,15,B
15B002,15B004,92,15,B
15B002,15B005,93,15,B
15B002,15B006,79,15,B
15B002,15B007,96,15,B
15B002,15B008,97,15,B
15B002,15B009,76,15,B
15B002,15B010,91,15,B
15B002,15B011,95,15,B
15B002,15B012,98,15,B
15B002,15B013,99,15,B
15B002,15B014,73,15,B
15B002,15B015,87,15,B
15B002,15B016,97,15,B
15B002,15B017,87,15,B
15B002,15B018,81,15,B
15B002,15B019,96,15,B
15B002,15B020,96,15,B
15B002,15B021,73,15,B
15B002,15B022,93,15,B
15B002,15B023,97,15,B
15B002,15B024,74,15,B
15B002,15B025,79,15,B
15B002,15B026,72,15,B
15B002,15B027,87,15,B
15B002,15B028,90,15,B
15B002,15B029,88,15,B
15B002,15B030,81,15,B
15B002,15B031,89,15,B
15B002,15B032,90,15,B
15B002,15B033,72,15,B
15B002,15B034,93,15,B
15B002,15B035,90,15,B
15B002,15B036,87,15,B
15B002,15B037,90,15,B
15B002,15B038,71,15,B
15B002,15B039,78,15,B
15B002,15B040,78,15,B
15B002,15B041,86,15,B
15B002,15B042,72,15,B
15B002,15B043,95,15,B
15B002,15B044,89,15,B
15B002,15B045,70,15,B
15B002,15B046,78,15,B
15B002,15B047,98,15,B
15B002,15B048,91,15,B
15B002,15B049,80,15,B
15B002,15B050,91,15,B
15B003,15B001,81,15,B
15B003,15B002,71,15,B
15B003,15B003,92,15,B
15B003,15B004,87,15,B
15B003,15B005,70,15,B
15B003,15B006,71,15,B
15B003,15B007,73,15,B
15B003,15B008,94,15,B
15B003,15B009,73,15,B
15B003,15B010,83,15,B
15B003,15B011,78,15,B
15B003,15B012,70,15,B
15B003,15B013,77,15,B
15B003,15B014,71,15,B
15B003,15B015,86,15,B
15B003,15B016,70,15,B
15B003,15B017,87,15,B
15B003,15B018,90,15,B
15B003,15B019,90,15,B
15B003,15B020,85,15,B
15B003,15B021,92,15,B
15B003,15B022,89,15,B
15B003,15B023,71,15,B
15B003,15B024,95,15,B
15B003,15B025,73,15,B
15B003,15B026,77,15,B
15B003,15B027,93,15,B
15B003,15B028,90,15,B
15B003,15B029,93,15,B
15B003,15B030,85,15,B
15B003,15B031,96,15,B
15B003,15B032,81,15,B
15B003,15B033,79,15,B
15B003,15B034,92,15,B
15B003,15B035,85,15,B
15B003,15B036,80,15,B
15B003,15B037,97,15,B
15B003,15B038,81,15,B
15B003,15B039,72,15,B
15B003,15B040,77,15,B
15B003,15B041,72,15,B
15B003,15B042,89,15,B
15B003,15B043,74,15,B
15B003,15B044,84,15,B
15B003,15B045,78,15,B
15B003,15B046,84,15,B
15B003,15B047,88,15,B
15B003,15B048,88,15,B
15B003,15B049,85,15,B
15B003,15B050,89,15,B
15B004,15B001,76,15,B
15B004,15B002,76,15,B
15B004,15B003,82,15,B
15B004,15B004,91,15,B
15B004,15B005,77,15,B
15B004,15B006,80,15,B
15B004,15B007,71,15,B
15B004,15B008,89,15,B
15B004,15B009,99,15,B
15B004,15B010,85,15,B
15B004,15B011,86,15,B
15B004,15B012,85,15,B
15B004,15B013,76,15,B
15B004,15B014,88,15,B
15B004,15B015,73,15,B
15B004,15B016,87,15,B
15B004,15B017,95,15,B
15B004,15B018,78,15,B
15B004,15B019,89,15,B
15B004,15B020,93,15,B
15B004,15B021,75,15,B
15B004,15B022,75,15,B
15B004,15B023,88,15,B
15B004,15B024,86,15,B
15B004,15B025,86,15,B
15B004,15B026,86,15,B
15B004,15B027,89,15,B
15B004,15B028,79,15,B
15B004,15B029,99,15,B
15B004,15B030,99,15,B
15B004,15B031,70,15,B
15B004,15B032,80,15,B
15B004,15B033,73,15,B
15B004,15B034,75,15,B
15B004,15B035,84,15,B
15B004,15B036,75,15,B
15B004,15B037,87,15,B
15B004,15B038,95,15,B
15B004,15B039,82,15,B
15B004,15B040,89,15,B
15B004,15B041,93,15,B
15B004,15B042,75,15,B
15B004,15B043,81,15,B
15B004,15B044,94,15,B
15B004,15B045,87,15,B
15B004,15B046,94,15,B
15B004,15B047,71,15,B
15B004,15B048,71,15,B
15B004,15B049,70,15,B
15B004,15B050,91,15,B
15B005,15B001,82,15,B
15B005,15B002,79,15,B
15B005,15B003,90,15,B
15B005,15B004,92,15,B
15B005,15B005,91,15,B
15B005,15B006,91,15,B
15B005,15B007,86,15,B
15B005,15B008,89,15,B
15B005,15B009,77,15,B
15B005,15B010,88,15,B
15B005,15B011,80,15,B
15B005,15B012,93,15,B
15B005,15B013,95,15,B
15B005,15B014,94,15,B
15B005,15B015,75,15,B
15B005,15B016,75,15,B
15B005,15B017,91,15,B
15B005,15B018,96,15,B
15B005,15B019,97,15,B
15B005,15B020,98,15,B
15B005,15B021,88,15,B
15B005,15B022,70,15,B
15B005,15B023,90,15,B
15B005,15B024,73,15,B
15B005,15B025,89,15,B
15B005,15B026,95,15,B
15B005,15B027,70,15,B
15B005,15B028,92,15,B
15B005,15B029,82,15,B
15B005,15B030,84,15,B
15B005,15B031,93,15,B
15B005,15B032,73,15,B
15B005,15B033,96,15,B
15B005,15B034,77,15,B
15B005,15B035,81,15,B
15B005,15B036,87,15,B
15B005,15B037,97,15,B
15B005,15B038,95,15,B
15B005,15B039,92,15,B
15B005,15B040,80,15,B
15B005,15B041,98,15,B
15B005,15B042,97,15,B
15B005,15B043,82,15,B
15B005,15B044,82,15,B
15B005,15B045,72,15,B
15B005,15B046,73,15,B
15B005,15B047,92,15,B
15B005,15B048,72,15,B
15B005,15B049,94,15,B
15B005,15B050,82,15,B
15C001,15C001,77,15,C
15C001,15C002,85,15,C
15C001,15C003,81,15,C
15C001,15C004,99,15,C
15C001,15C005,96,15,C
15C001,15C006,85,15,C
15C001,15C007,82,15,C
15C001,15C008,83,15,C
15C001,15C009,74,15,C
15C001,15C010,92,15,C
15C001,15C011,87,15,C
15C001,15C012,92,15,C
15C001,15C013,89,15,C
15C001,15C014,78,15,C
15C001,15C015,86,15,C
15C001,15C016,81,15,C
15C001,15C017,91,15,C
15C001,15C018,76,15,C
15C001,15C019,78,15,C
15C001,15C020,83,15,C
15C001,15C021,94,15,C
15C001,15C022,88,15,C
15C001,15C023,77,15,C
15C001,15C024,72,15,C
15C001,15C025,87,15,C
15C001,15C026,73,15,C
15C001,15C027,70,15,C
15C001,15C028,93,15,C
15C001,15C029,88,15,C
15C001,15C030,72,15,C
15C001,15C031,97,15,C
15C001,15C032,74,15,C
15C001,15C033,73,15,C
15C001,15C034,75,15,C
15C001,15C035,79,15,C
15C001,15C036,75,15,C
15C001,15C037,87,15,C
15C001,15C038,74,15,C
15C001,15C039,84,15,C
15C001,15C040,70,15,C
15C001,15C041,95,15,C
15C001,15C042,89,15,C
15C001,15C043,80,15,C
15C001,15C044,73,15,C
15C001,15C045,90,15,C
15C001,15C046,95,15,C
15C001,15C047,84,15,C
15C001,15C048,75,15,C
15C001,15C049,89,15,C
15C001,15C050,74,15,C
15C002,15C001,76,15,C
15C002,15C002,82,15,C
15C002,15C003,93,15,C
15C002,15C004,76,15,C
15C002,15C005,88,15,C
15C002,15C006,82,15,C
15C002,15C007,78,15,C
15C002,15C008,82,15,C
15C002,15C009,80,15,C
15C002,15C010,77,15,C
15C002,15C011,85,15,C
15C002,15C012,95,15,C
15C002,15C013,85,15,C
15C002,15C014,89,15,C
15C002,15C015,88,15,C
15C002,15C016,92,15,C
15C002,15C017,82,15,C
15C002,15C018,97,15,C
15C002,15C019,91,15,C
15C002,15C020,75,15,C
15C002,15C021,83,15,C
15C002,15C022,81,15,C
15C002,15C023,73,15,C
15C002,15C024,90,15,C
15C002,15C025,91,15,C
15C002,15C026,77,15,C
15C002,15C027,77,15,C
15C002,15C028,94,15,C
15C002,15C029,70,15,C
15C002,15C030,90,15,C
15C002,15C031,77,15,C
15C002,15C032,83,15,C
15C002,15C033,97,15,C
15C002,15C034,96,15,C
15C002,15C035,90,15,C
15C002,15C036,71,15,C
15C002,15C037,80,15,C
15C002,15C038,96,15,C
15C002,15C039,84,15,C
15C002,15C040,95,15,C
15C002,15C041,99,15,C
15C002,15C042,87,15,C
15C002,15C043,74,15,C
15C002,15C044,83,15,C
15C002,15C045,93,15,C
15C002,15C046,93,15,C
15C002,15C047,87,15,C
15C002,15C048,87,15,C
15C002,15C049,73,15,C
15C002,15C050,95,15,C
15C003,15C001,73,15,C
15C003,15C002,77,15,C
15C003,15C003,91,15,C
15C003,15C004,80,15,C
15C003,15C005,89,15,C
15C003,15C006,73,15,C
15C003,15C007,75,15,C
15C003,15C008,79,15,C
15C003,15C009,98,15,C
15C003,15C010,90,15,C
15C003,15C011,91,15,C
15C003,15C012,70,15,C
15C003,15C013,77,15,C
15C003,15C014,80,15,C
15C003,15C015,75,15,C
15C003,15C016,70,15,C
15C003,15C017,84,15,C
15C003,15C018,76,15,C
15C003,15C019,88,15,C
15C003,15C020,85,15,C
15C003,15C021,85,15,C
15C003,15C022,75,15,C
15C003,15C023,88,15,C
15C003,15C024,99,15,C
15C003,15C025,81,15,C
15C003,15C026,76,15,C
15C003,15C027,93,15,C
15C003,15C028,92,15,C
15C003,15C029,90,15,C
15C003,15C030,97,15,C
15C003,15C031,89,15,C
15C003,15C032,96,15,C
15C003,15C033,72,15,C
15C003,15C034,81,15,C
15C003,15C035,79,15,C
15C003,15C036,70,15,C
15C003,15C037,96,15,C
15C003,15C038,70,15,C
15C003,15C039,92,15,C
15C003,15C040,76,15,C
15C003,15C041,85,15,C
15C003,15C042,99,15,C
15C003,15C043,77,15,C
15C003,15C044,74,15,C
15C003,15C045,77,15,C
15C003,15C046,85,15,C
15C003,15C047,95,15,C
15C003,15C048,86,15,C
15C003,15C049,77,15,C
15C003,15C050,98,15,C
15C004,15C001,95,15,C
15C004,15C002,96,15,C
15C004,15C003,99,15,C
15C004,15C004,93,15,C
15C004,15C005,88,15,C
15C004,15C006,78,15,C
15C004,15C007,74,15,C
15C004,15C008,94,15,C
15C004,15C009,75,15,C
15C004,15C010,93,15,C
15C004,15C011,92,15,C
15C004,15C012,89,15,C
15C004,15C013,83,15,C
15C004,15C014,95,15,C
15C004,15C015,92,15,C
15C004,15C016,79,15,C
15C004,15C017,94,15,C
15C004,15C018,84,15,C
15C004,15C019,79,15,C
15C004,15C020,85,15,C
15C004,15C021,90,15,C
15C004,15C022,78,15,C
15C004,15C023,91,15,C
15C004,15C024,78,15,C
15C004,15C025,93,15,C
15C004,15C026,90,15,C
15C004,15C027,91,15,C
15C004,15C028,73,15,C
15C004,15C029,99,15,C
15C004,15C030,86,15,C
15C004,15C031,72,15,C
15C004,15C032,85,15,C
15C004,15C033,77,15,C
15C004,15C034,89,15,C
15C004,15C035,94,15,C
15C004,15C036,96,15,C
15C004,15C037,83,15,C
15C004,15C038,79,15,C
15C004,15C039,73,15,C
15C004,15C040,98,15,C
15C004,15C041,81,15,C
15C004,15C042,87,15,C
15C004,15C043,75,15,C
15C004,15C044,79,15,C
15C004,15C045,97,15,C
15C004,15C046,86,15,C
15C004,15C047,80,15,C
15C004,15C048,93,15,C
15C004,15C049,73,15,C
15C004,15C050,97,15,C
15C005,15C001,94,15,C
15C005,15C002,95,15,C
15C005,15C003,71,15,C
15C005,15C004,76,15,C
15C005,15C005,72,15,C
15C005,15C006,78,15,C
15C005,15C007,82,15,C
15C005,15C008,71,15,C
15C005,15C009,95,15,C
15C005,15C010,96,15,C
15C005,15C011,89,15,C
15C005,15C012,97,15,C
15C005,15C013,71,15,C
15C005,15C014,74,15,C
15C005,15C015,85,15,C
15C005,15C016,95,15,C
15C005,15C017,82,15,C
15C005,15C018,88,15,C
15C005,15C019,79,15,C
15C005,15C020,73,15,C
15C005,15C021,98,15,C
15C005,15C022,80,15,C
15C005,15C023,71,15,C
15C005,15C024,91,15,C
15C005,15C025,79,15,C
15C005,15C026,96,15,C
15C005,15C027,99,15,C
15C005,15C028,95,15,C
15C005,15C029,78,15,C
15C005,15C030,89,15,C
15C005,15C031,99,15,C
15C005,15C032,76,15,C
15C005,15C033,72,15,C
15C005,15C034,99,15,C
15C005,15C035,90,15,C
15C005,15C036,91,15,C
15C005,15C037,74,15,C
15C005,15C038,85,15,C
15C005,15C039,75,15,C
15C005,15C040,79,15,C
15C005,15C041,79,15,C
15C005,15C042,76,15,C
15C005,15C043,74,15,C
15C005,15C044,91,15,C
15C005,15C045,72,15,C
15C005,15C046,84,15,C
15C005,15C047,86,15,C
15C005,15C048,88,15,C
15C005,15C049,71,15,C
15C005,15C050,97,15,C
16B101,16B001,0,16,B
16B101,16B007,0,16,B
16B101,16B008,0,16,B
16B101,16B009,0,16,B
16B101,16B010,0,16,B
16B101,16B011,0,16,B
16B101,16B017,0,16,B
16B101,16B018,0,16,B
16B101,16B019,0,16,B
16B101,16B020,0,16,B
16B101,16B021,0,16,B
16B101,16B027,0,16,B
16B101,16B028,0,16,B
16B101,16B029,0,16,B
16B101,16B030,0,16,B
16B101,16B031,0,16,B
16B101,16B037,0,16,B
16B101,16B038,0,16,B
16B101,16B039,0,16,B
16B101,16B040,0,16,B
16B101,16B041,0,16,B
16B101,16B047,0,16,B
16B101,16B048,0,16,B
16B101,16B049,0,16,B
16B101,16B050,0,16,B
16B102,16B001,0,16,B
16B102,16B002,0,16,B
16B102,16B008,0,16,B
16B102,16B009,0,16,B
16B102,16B010,0,16,B
16B102,16B011,0,16,B
16B102,16B012,0,16,B
16B102,16B018,0,16,B
16B102,16B019,0,16,B
16B102,16B020,0,16,B
16B102,16B021,0,16,B
16B102,16B022,0,16,B
16B102,16B028,0,16,B
16B102,16B029,0,16,B
16B102,16B030,0,16,B
16B102,16B031,0,16,B
16B102,16B032,0,16,B
16B102,16B038,0,16,B
16B102,16B039,0,16,B
16B102,16B040,0,16,B
16B102,16B041,0,16,B
16B102,16B042,0,16,B
16B102,16B048,0,16,B
16B102,16B049,0,16,B
16B102,16B050,0,16,B
16B103,16B001,0,16,B
16B103,16B002,0,16,B
16B103,16B003,0,16,B
16B103,16B009,0,16,B
16B103,16B010,0,16,B
16B103,16B011,0,16,B
16B103,16B012,0,16,B
16B103,16B013,0,16,B
16B103,16B019,0,16,B
16B103,16B020,0,16,B
16B103,16B021,0,16,B
16B103,16B022,0,16,B
16B103,16B023,0,16,B
16B103,16B029,0,16,B
16B103,16B030,0,16,B
16B103,16B031,0,16,B
16B103,16B032,0,16,B
16B103,16B033,0,16,B
16B103,16B039,0,16,B
16B103,16B040,0,16,B
16B103,16B041,0,16,B
16B103,16B042,0,16,B
16B103,16B043,0,16,B
16B103,16B049,0,16,B
16B103,16B050,0,16,B
16B104,16B001,0,16,B
16B104,16B002,0,16,B
16B104,16B003,0,16,B
16B104,16B004,0,16,B
16B104,16B010,0,16,B
16B104,16B011,0,16,B
16B104,16B012,0,16,B
16B104,16B013,0,16,B
16B104,16B014,0,16,B
16B104,16B020,0,16,B
16B104,16B021,0,16,B
16B104,16B022,0,16,B
16B104,16B023,0,16,B
16B104,16B024,0,16,B
16B104,16B030,0,16,B
16B104,16B031,0,16,B
16B104,16B032,0,16,B
16B104,16B033,0,16,B
16B104,16B034,0,16,B
16B104,16B040,0,16,B
16B104,16B041,0,16,B
16B104,16B042,0,16,B
16B104,16B043,0,16,B
16B104,16B044,0,16,B
16B104,16B050,0,16,B
16B105,16B001,0,16,B
16B105,16B002,0,16,B
16B105,16B003,0,16,B
16B105,16B004,0,16,B
16B105,16B005,0,16,B
16B105,16B011,0,16,B
16B105,16B012,0,16,B
16B105,16B013,0,16,B
16B105,16B014,0,16,B
16B105,16B015,0,16,B
16B105,16B021,0,16,B
16B105,16B022,0,16,B
16B105,16B023,0,16,B
16B105,16B024,0,16,B
16B105,16B025,0,16,B
16B105,16B031,0,16,B
16B105,16B032,0,16,B
16B105,16B033,0,16,B
16B105,16B034,0,16,B
16B105,16B035,0,16,B
16B105,16B041,0,16,B
16B105,16B042,0,16,B
16B105,16B043,0,16,B
16B105,16B044,0,16,B
16B105,16B045,0,16,B
16B106,16B002,0,16,B
16B106,16B003,0,16,B
16B106,16B004,0,16,B
16B106,16B005,0,16,B
16B106,16B006,0,16,B
16B106,16B012,0,16,B
16B106,16B013,0,16,B
16B106,16B014,0,16,B
16B106,16B015,0,16,B
16B106,16B016,0,16,B
16B106,16B022,0,16,B
16B106,16B023,0,16,B
16B106,16B024,0,16,B
16B106,16B025,0,16,B
16B106,16B026,0,16,B
16B106,16B032,0,16,B
16B106,16B033,0,16,B
16B106,16B034,0,16,B
16B106,16B035,0,16,B
16B106,16B036,0,16,B
16B106,16B042,0,16,B
16B106,16B043,0,16,B
16B106,16B044,0,16,B
16B106,16B045,0,16,B
16B106,16B046,0,16,B
16B107,16B003,0,16,B
16B107,16B004,0,16,B
16B107,16B005,0,16,B
16B107,16B006,0,16,B
16B107,16B007,0,16,B
16B107,16B013,0,16,B
16B107,16B014,0,16,B
16B107,16B015,0,16,B
16B107,16B016,0,16,B
16B107,16B017,0,16,B
16B107,16B023,0,16,B
16B107,16B024,0,16,B
16B107,16B025,0,16,B
16B107,16B026,0,16,B
16B107,16B027,0,16,B
16B107,16B033,0,16,B
16B107,16B034,0,16,B
16B107,16B035,0,16,B
16B107,16B036,0,16,B
16B107,16B037,0,16,B
16B107,16B043,0,16,B
16B107,16B044,0,16,B
16B107,16B045,0,16,B
16B107,16B046,0,16,B
16B107,16B047,0,16,B
16B108,16B004,0,16,B
16B108,16B005,0,16,B
16B108,16B006,0,16,B
16B108,16B007,0,16,B
16B108,16B008,0,16,B
16B108,16B014,0,16,B
16B108,16B015,0,16,B
16B108,16B016,0,16,B
16B108,16B017,0,16,B
16B108,16B018,0,16,B
16B108,16B024,0,16,B
16B108,16B025,0,16,B
16B108,16B026,0,16,B
16B108,16B027,0,16,B
16B108,16B028,0,16,B
16B108,16B034,0,16,B
16B108,16B035,0,16,B
16B108,16B036,0,16,B
16B108,16B037,0,16,B
16B108,16B038,0,16,B
16B108,16B044,0,16,B
16B108,16B045,0,16,B
16B108,16B046,0,16,B
16B108,16B047,0,16,B
16B108,16B048,0,16,B
16B109,16B005,0,16,B
16B109,16B006,0,16,B
16B109,16B007,0,16,B
16B109,16B008,0,16,B
16B109,16B009,0,16,B
16B109,16B015,0,16,B
16B109,16B016,0,16,B
16B109,16B017,0,16,B
16B109,16B018,0,16,B
16B109,16B019,0,16,B
16B109,16B025,0,16,B
16B109,16B026,0,16,B
16B109,16B027,0,16,B
16B109,16B028,0,16,B
16B109,16B029,0,16,B
16B109,16B035,0,16,B
16B109,16B036,0,16,B
16B109,16B037,0,16,B
16B109,16B038,0,16,B
16B109,16B039,0,16,B
16B109,16B045,0,16,B
16B109,16B046,0,16,B
16B109,16B047,0,16,B
16B109,16B048,0,16,B
16B109,16B049,0,16,B
16B110,16B006,0,16,B
16B110,16B007,0,16,B
16B110,16B008,0,16,B
16B110,16B009,0,16,B
16B110,16B010,0,16,B
16B110,16B016,0,16,B
16B110,16B017,0,16,B
16B110,16B018,0,16,B
16B110,16B019,0,16,B
16B110,16B020,0,16,B
16B110,16B026,0,16,B
16B110,16B027,0,16,B
16B110,16B028,0,16,B
16B110,16B029,0,16,B
16B110,16B030,0,16,B
16B110,16B036,0,16,B
16B110,16B037,0,16,B
16B110,16B038,0,16,B
16B110,16B039,0,16,B
16B110,16B040,0,16,B
16B110,16B046,0,16,B
16B110,16B047,0,16,B
16B110,16B048,0,16,B
16B110,16B049,0,16,B
16B110,16B050,0,16,B
16C101,16C001,0,16,C
16C101,16C002,0,16,C
16C101,16C004,0,16,C
16C101,16C006,0,16,C
16C101,16C008,0,16,C
16C101,16C010,0,16,C
16C101,16C012,0,16,C
16C101,16C014,0,16,C
16C101,16C016,0,16,C
16C101,16C018,0,16,C
16C101,16C020,0,16,C
16C101,16C022,0,16,C
16C101,16C024,0,16,C
16C101,16C026,0,16,C
16C101,16C028,0,16,C
16C101,16C030,0,16,C
16C101,16C032,0,16,C
16C101,16C034,0,16,C
16C101,16C036,0,16,C
16C101,16C038,0,16,C
16C101,16C040,0,16,C
16C101,16C042,0,16,C
16C101,16C044,0,16,C
16C101,16C046,0,16,C
16C101,16C048,0,16,C
16C101,16C050,0,16,C
16C102,16C001,0,16,C
16C102,16C003,0,16,C
16C102,16C005,0,16,C
16C102,16C007,0,16,C
16C102,16C009,0,16,C
16C102,16C011,0,16,C
16C102,16C013,0,16,C
16C102,16C015,0,16,C
16C102,16C017,0,16,C
16C102,16C019,0,16,C
16C102,16C021,0,16,C
16C102,16C023,0,16,C
16C102,16C025,0,16,C
16C102,16C027,0,16,C
16C102,16C029,0,16,C
16C102,16C031,0,16,C
16C102,16C033,0,16,C
16C102,16C035,0,16,C
16C102,16C037,0,16,C
16C102,16C039,0,16,C
16C102,16C041,0,16,C
16C102,16C043,0,16,C
16C102,16C045,0,16,C
16C102,16C047,0,16,C
16C102,16C049,0,16,C
16C103,16C003,0,16,C
16C103,16C006,0,16,C
16C103,16C009,0,16,C
16C103,16C012,0,16,C
16C103,16C015,0,16,C
16C103,16C018,0,16,C
16C103,16C021,0,16,C
16C103,16C024,0,16,C
16C103,16C027,0,16,C
16C103,16C030,0,16,C
16C103,16C033,0,16,C
16C103,16C036,0,16,C
16C103,16C039,0,16,C
16C103,16C042,0,16,C
16C103,16C045,0,16,C
16C103,16C048,0,16,C
16C104,16C002,0,16,C
16C104,16C004,0,16,C
16C104,16C007,0,16,C
16C104,16C010,0,16,C
16C104,16C012,0,16,C
16C104,16C013,0,16,C
16C104,16C016,0,16,C
16C104,16C018,0,16,C
16C104,16C022,0,16,C
16C104,16C024,0,16,C
16C104,16C025,0,16,C
16C104,16C028,0,16,C
16C104,16C031,0,16,C
16C104,16C034,0,16,C
16C104,16C036,0,16,C
16C104,16C037,0,16,C
16C104,16C040,0,16,C
16C104,16C043,0,16,C
16C104,16C046,0,16,C
16C104,16C048,0,16,C
16C104,16C049,0,16,C
16C105,16C001,0,16,C
16C105,16C002,0,16,C
16C105,16C005,0,16,C
16C105,16C006,0,16,C
16C105,16C008,0,16,C
16C105,16C009,0,16,C
16C105,16C011,0,16,C
16C105,16C014,0,16,C
16C105,16C015,0,16,C
16C105,16C017,0,16,C
16C105,16C020,0,16,C
16C105,16C021,0,16,C
16C105,16C023,0,16,C
16C105,16C026,0,16,C
16C105,16C027,0,16,C
16C105,16C029,0,16,C
16C105,16C030,0,16,C
16C105,16C032,0,16,C
16C105,16C033,0,16,C
16C105,16C035,0,16,C
16C105,16C038,0,16,C
16C105,16C039,0,16,C
16C105,16C041,0,16,C
16C105,16C042,0,16,C
16C105,16C044,0,16,C
16C105,16C045,0,16,C
16C105,16C047,0,16,C
16C105,16C050,0,16,C
16C106,16C003,0,16,C
16C106,16C004,0,16,C
16C106,16C007,0,16,C
16C106,16C010,0,16,C
16C106,16C013,0,16,C
16C106,16C014,0,16,C
16C106,16C016,0,16,C
16C106,16C019,0,16,C
16C106,16C022,0,16,C
16C106,16C025,0,16,C
16C106,16C026,0,16,C
16C106,16C028,0,16,C
16C106,16C031,0,16,C
16C106,16C034,0,16,C
16C106,16C037,0,16,C
16C106,16C038,0,16,C
16C106,16C040,0,16,C
16C106,16C043,0,16,C
16C106,16C046,0,16,C
16C106,16C049,0,16,C
16C106,16C050,0,16,C
16C107,16C001,0,16,C
16C107,16C004,0,16,C
16C107,16C005,0,16,C
16C107,16C008,0,16,C
16C107,16C009,0,16,C
16C107,16C011,0,16,C
16C107,16C013,0,16,C
16C107,16C015,0,16,C
16C107,16C017,0,16,C
16C107,16C018,0,16,C
16C107,16C020,0,16,C
16C107,16C021,0,16,C
16C107,16C023,0,16,C
16C107,16C024,0,16,C
16C107,16C026,0,16,C
16C107,16C029,0,16,C
16C107,16C030,0,16,C
16C107,16C032,0,16,C
16C107,16C033,0,16,C
16C107,16C035,0,16,C
16C107,16C036,0,16,C
16C107,16C038,0,16,C
16C107,16C041,0,16,C
16C107,16C042,0,16,C
16C107,16C044,0,16,C
16C107,16C045,0,16,C
16C107,16C047,0,16,C
16C107,16C048,0,16,C
16C107,16C050,0,16,C
16C108,16C003,0,16,C
16C108,16C005,0,16,C
16C108,16C007,0,16,C
16C108,16C009,0,16,C
16C108,16C011,0,16,C
16C108,16C014,0,16,C
16C108,16C016,0,16,C
16C108,16C019,0,16,C
16C108,16C020,0,16,C
16C108,16C022,0,16,C
16C108,16C025,0,16,C
16C108,16C027,0,16,C
16C108,16C029,0,16,C
16C108,16C031,0,16,C
16C108,16C033,0,16,C
16C108,16C035,0,16,C
16C108,16C037,0,16,C
16C108,16C039,0,16,C
16C108,16C041,0,16,C
16C108,16C043,0,16,C
16C108,16C045,0,16,C
16C108,16C047,0,16,C
16C108,16C049,0,16,C
16C109,16C001,0,16,C
16C109,16C002,0,16,C
16C109,16C004,0,16,C
16C109,16C006,0,16,C
16C109,16C007,0,16,C
16C109,16C008,0,16,C
16C109,16C010,0,16,C
16C109,16C012,0,16,C
16C109,16C013,0,16,C
16C109,16C015,0,16,C
16C109,16C017,0,16,C
16C109,16C018,0,16,C
16C109,16C019,0,16,C
16C109,16C021,0,16,C
16C109,16C023,0,16,C
16C109,16C024,0,16,C
16C109,16C026,0,16,C
16C109,16C028,0,16,C
16C109,16C029,0,16,C
16C109,16C031,0,16,C
16C109,16C032,0,16,C
16C109,16C034,0,16,C
16C109,16C036,0,16,C
16C109,16C038,0,16,C
16C109,16C040,0,16,C
16C109,16C041,0,16,C
16C109,16C043,0,16,C
16C109,16C044,0,16,C
16C109,16C046,0,16,C
16C109,16C048,0,16,C
16C109,16C050,0,16,C
16C110,16C002,0,16,C
16C110,16C003,0,16,C
16C110,16C005,0,16,C
16C110,16C006,0,16,C
16C110,16C008,0,16,C
16C110,16C010,0,16,C
16C110,16C011,0,16,C
16C110,16C012,0,16,C
16C110,16C014,0,16,C
16C110,16C016,0,16,C
16C110,16C017,0,16,C
16C110,16C019,0,16,C
16C110,16C020,0,16,C
16C110,16C022,0,16,C
16C110,16C023,0,16,C
16C110,16C025,0,16,C
16C110,16C027,0,16,C
16C110,16C028,0,16,C
16C110,16C030,0,16,C
16C110,16C032,0,16,C
16C110,16C034,0,16,C
16C110,16C035,0,16,C
16C110,16C037,0,16,C
16C110,16C039,0,16,C
16C110,16C040,0,16,C
16C110,16C042,0,16,C
16C110,16C044,0,16,C
16C110,16C046,0,16,C
16C110,16C047,0,16,C
16C110,16C049,0,16,C
A1800001,202200000003,71,18,A
A1800001,202200000021,81,18,A
A1800001,202200000024,81,18,A
A1800001,202200000027,81,18,A
A1800001,202200000030,81,18,A
A1800001,202200000033,81,18,A
A1800001,202300000001,91,18,A
A1800001,202300000004,91,18,A
A1800001,202300000007,91,18,A
A1800001,202300000010,91,18,A
A1800001,202300000013,91,18,A
A1800001,202300000031,76,18,A
A1800001,202300000034,76,18,A
A1800001,202300000037,76,18,A
A1800001,202300000040,76,18,A
A1800001,202300000043,76,18,A
A1800001,202400000011,86,18,A
A1800001,202400000014,86,18,A
A1800001,202400000017,86,18,A
A1800001,202400000020,86,18,A
A1800001,202400000023,86,18,A
A1800001,202400000041,71,18,A
A1800001,202400000044,71,18,A
A1800001,202400000047,71,18,A
A1800001,202400000050,71,18,A
A1800002,202200000003,72,18,A
A1800002,202200000006,72,18,A
A1800002,202200000024,82,18,A
A1800002,202200000027,82,18,A
A1800002,202200000030,82,18,A
A1800002,202200000033,82,18,A
A1800002,202200000036,82,18,A
A1800002,202300000004,92,18,A
A1800002,202300000007,92,18,A
A1800002,202300000010,92,18,A
A1800002,202300000013,92,18,A
A1800002,202300000016,92,18,A
A1800002,202300000034,77,18,A
A1800002,202300000037,77,18,A
A1800002,202300000040,77,18,A
A1800002,202300000043,77,18,A
A1800002,202300000046,77,18,A
A1800002,202400000014,87,18,A
A1800002,202400000017,87,18,A
A1800002,202400000020,87,18,A
A1800002,202400000023,87,18,A
A1800002,202400000026,87,18,A
A1800002,202400000044,72,18,A
A1800002,202400000047,72,18,A
A1800002,202400000050,72,18,A
A1800003,202200000003,73,18,A
A1800003,202200000006,73,18,A
A1800003,202200000009,73,18,A
A1800003,202200000027,83,18,A
A1800003,202200000030,83,18,A
A1800003,202200000033,83,18,A
A1800003,202200000036,83,18,A
A1800003,202200000039,83,18,A
A1800003,202300000007,93,18,A
A1800003,202300000010,93,18,A
A1800003,202300000013,93,18,A
A1800003,202300000016,93,18,A
A1800003,202300000019,93,18,A
A1800003,202300000037,78,18,A
A1800003,202300000040,78,18,A
A1800003,202300000043,78,18,A
A1800003,202300000046,78,18,A
A1800003,202300000049,78,18,A
A1800003,202400000017,88,18,A
A1800003,202400000020,88,18,A
A1800003,202400000023,88,18,A
A1800003,202400000026,88,18,A
A1800003,202400000029,88,18,A
A1800003,202400000047,73,18,A
A1800003,202400000050,73,18,A
A1800004,202200000003,74,18,A
A1800004,202200000006,74,18,A
A1800004,202200000009,74,18,A
A1800004,202200000012,74,18,A
A1800004,202200000030,84,18,A
A1800004,202200000033,84,18,A
A1800004,202200000036,84,18,A
A1800004,202200000039,84,18,A
A1800004,202200000042,84,18,A
A1800004,202300000010,94,18,A
A1800004,202300000013,94,18,A
A1800004,202300000016,94,18,A
A1800004,202300000019,94,18,A
A1800004,202300000022,94,18,A
A1800004,202300000040,79,18,A
A1800004,202300000043,79,18,A
A1800004,202300000046,79,18,A
A1800004,202300000049,79,18,A
A1800004,202400000002,79,18,A
A1800004,202400000020,89,18,A
A1800004,202400000023,89,18,A
A1800004,202400000026,89,18,A
A1800004,202400000029,89,18,A
A1800004,202400000032,89,18,A
A1800004,202400000050,74,18,A
A1800005,202200000003,75,18,A
A1800005,202200000006,75,18,A
A1800005,202200000009,75,18,A
A1800005,202200000012,75,18,A
A1800005,202200000015,75,18,A
A1800005,202200000033,85,18,A
A1800005,202200000036,85,18,A
A1800005,202200000039,85,18,A
A1800005,202200000042,85,18,A
A1800005,202200000045,85,18,A
A1800005,202300000013,70,18,A
A1800005,202300000016,70,18,A
A1800005,202300000019,70,18,A
A1800005,202300000022,70,18,A
A1800005,202300000025,70,18,A
A1800005,202300000043,80,18,A
A1800005,202300000046,80,18,A
A1800005,202300000049,80,18,A
A1800005,202400000002,80,18,A
A1800005,202400000005,80,18,A
A1800005,202400000023,90,18,A
A1800005,202400000026,90,18,A
A1800005,202400000029,90,18,A
A1800005,202400000032,90,18,A
A1800005,202400000035,90,18,A
A1800006,202200000006,76,18,A
A1800006,202200000009,76,18,A
A1800006,202200000012,76,18,A
A1800006,202200000015,76,18,A
A1800006,202200000018,76,18,A
A1800006,202200000036,86,18,A
A1800006,202200000039,86,18,A
A1800006,202200000042,86,18,A
A1800006,202200000045,86,18,A
A1800006,202200000048,86,18,A
A1800006,202300000016,71,18,A
A1800006,202300000019,71,18,A
A1800006,202300000022,71,18,A
A1800006,202300000025,71,18,A
A1800006,202300000028,71,18,A
A1800006,202300000046,81,18,A
A1800006,202300000049,81,18,A
A1800006,202400000002,81,18,A
A1800006,202400000005,81,18,A
A1800006,202400000008,81,18,A
A1800006,202400000026,91,18,A
A1800006,202400000029,91,18,A
A1800006,202400000032,91,18,A
A1800006,202400000035,91,18,A
A1800006,202400000038,91,18,A
A1800007,202200000009,77,18,A
A1800007,202200000012,77,18,A
A1800007,202200000015,77,18,A
A1800007,202200000018,77,18,A
A1800007,202200000021,77,18,A
A1800007,202200000039,87,18,A
A1800007,202200000042,87,18,A
A1800007,202200000045,87,18,A
A1800007,202200000048,87,18,A
A1800007,202300000001,87,18,A
A1800007,202300000019,72,18,A
A1800007,202300000022,72,18,A
A1800007,202300000025,72,18,A
A1800007,202300000028,72,18,A
A1800007,202300000031,72,18,A
A1800007,202300000049,82,18,A
A1800007,202400000002,82,18,A
A1800007,202400000005,82,18,A
A1800007,202400000008,82,18,A
A1800007,202400000011,82,18,A
A1800007,202400000029,92,18,A
A1800007,202400000032,92,18,A
A1800007,202400000035,92,18,A
A1800007,202400000038,92,18,A
A1800007,202400000041,92,18,A
A1800008,202200000012,78,18,A
A1800008,202200000015,78,18,A
A1800008,202200000018,78,18,A
A1800008,202200000021,78,18,A
A1800008,202200000024,78,18,A
A1800008,202200000042,88,18,A
A1800008,202200000045,88,18,A
A1800008,202200000048,88,18,A
A1800008,202300000001,88,18,A
A1800008,202300000004,88,18,A
A1800008,202300000022,73,18,A
A1800008,202300000025,73,18,A
A1800008,202300000028,73,18,A
A1800008,202300000031,73,18,A
A1800008,202300000034,73,18,A
A1800008,202400000002,83,18,A
A1800008,202400000005,83,18,A
A1800008,202400000008,83,18,A
A1800008,202400000011,83,18,A
A1800008,202400000014,83,18,A
A1800008,202400000032,93,18,A
A1800008,202400000035,93,18,A
A1800008,202400000038,93,18,A
A1800008,202400000041,93,18,A
A1800008,202400000044,93,18,A
A1800009,202200000015,79,18,A
A1800009,202200000018,79,18,A
A1800009,202200000021,79,18,A
A1800009,202200000024,79,18,A
A1800009,202200000027,79,18,A
A1800009,202200000045,89,18,A
A1800009,202200000048,89,18,A
A1800009,202300000001,89,18,A
A1800009,202300000004,89,18,A
A1800009,202300000007,89,18,A
A1800009,202300000025,74,18,A
A1800009,202300000028,74,18,A
A1800009,202300000031,74,18,A
A1800009,202300000034,74,18,A
A1800009,202300000037,74,18,A
A1800009,202400000005,84,18,A
A1800009,202400000008,84,18,A
A1800009,202400000011,84,18,A
A1800009,202400000014,84,18,A
A1800009,202400000017,84,18,A
A1800009,202400000035,94,18,A
A1800009,202400000038,94,18,A
A1800009,202400000041,94,18,A
A1800009,202400000044,94,18,A
A1800009,202400000047,94,18,A
A1800010,202200000018,80,18,A
A1800010,202200000021,80,18,A
A1800010,202200000024,80,18,A
A1800010,202200000027,80,18,A
A1800010,202200000030,80,18,A
A1800010,202200000048,90,18,A
A1800010,202300000001,90,18,A
A1800010,202300000004,90,18,A
A1800010,202300000007,90,18,A
A1800010,202300000010,90,18,A
A1800010,202300000028,75,18,A
A1800010,202300000031,75,18,A
A1800010,202300000034,75,18,A
A1800010,202300000037,75,18,A
A1800010,202300000040,75,18,A
A1800010,202400000008,85,18,A
A1800010,202400000011,85,18,A
A1800010,202400000014,85,18,A
A1800010,202400000017,85,18,A
A1800010,202400000020,85,18,A
A1800010,202400000038,70,18,A
A1800010,202400000041,70,18,A
A1800010,202400000044,70,18,A
A1800010,202400000047,70,18,A
A1800010,202400000050,70,18,A
B1800001,202200001,71,18,B
B1800001,202200019,81,18,B
B1800001,202200022,81,18,B
B1800001,202200025,81,18,B
B1800001,202200028,81,18,B
B1800001,202200031,81,18,B
B1800001,202200049,91,18,B
B1800001,202300002,91,18,B
B1800001,202300005,91,18,B
B1800001,202300008,91,18,B
B1800001,202300011,91,18,B
B1800001,202300029,76,18,B
B1800001,202300032,76,18,B
B1800001,202300035,76,18,B
B1800001,202300038,76,18,B
B1800001,202300041,76,18,B
B1800001,202400009,86,18,B
B1800001,202400012,86,18,B
B1800001,202400015,86,18,B
B1800001,202400018,86,18,B
B1800001,202400021,86,18,B
B1800001,202400039,71,18,B
B1800001,202400042,71,18,B
B1800001,202400045,71,18,B
B1800001,202400048,71,18,B
B1800002,202200001,72,18,B
B1800002,202200004,72,18,B
B1800002,202200022,82,18,B
B1800002,202200025,82,18,B
B1800002,202200028,82,18,B
B1800002,202200031,82,18,B
B1800002,202200034,82,18,B
B1800002,202300002,92,18,B
B1800002,202300005,92,18,B
B1800002,202300008,92,18,B
B1800002,202300011,92,18,B
B1800002,202300014,92,18,B
B1800002,202300032,77,18,B
B1800002,202300035,77,18,B
B1800002,202300038,77,18,B
B1800002,202300041,77,18,B
B1800002,202300044,77,18,B
B1800002,202400012,87,18,B
B1800002,202400015,87,18,B
B1800002,202400018,87,18,B
B1800002,202400021,87,18,B
B1800002,202400024,87,18,B
B1800002,202400042,72,18,B
B1800002,202400045,72,18,B
B1800002,202400048,72,18,B
B1800003,202200001,73,18,B
B1800003,202200004,73,18,B
B1800003,202200007,73,18,B
B1800003,202200025,83,18,B
B1800003,202200028,83,18,B
B1800003,202200031,83,18,B
B1800003,202200034,83,18,B
B1800003,202200037,83,18,B
B1800003,202300005,93,18,B
B1800003,202300008,93,18,B
B1800003,202300011,93,18,B
B1800003,202300014,93,18,B
B1800003,202300017,93,18,B
B1800003,202300035,78,18,B
B1800003,202300038,78,18,B
B1800003,202300041,78,18,B
B1800003,202300044,78,18,B
B1800003,202300047,78,18,B
B1800003,202400015,88,18,B
B1800003,202400018,88,18,B
B1800003,202400021,88,18,B
B1800003,202400024,88,18,B
B1800003,202400027,88,18,B
B1800003,202400045,73,18,B
B1800003,202400048,73,18,B
B1800004,202200001,74,18,B
B1800004,202200004,74,18,B
B1800004,202200007,74,18,B
B1800004,202200010,74,18,B
B1800004,202200028,84,18,B
B1800004,202200031,84,18,B
B1800004,202200034,84,18,B
B1800004,202200037,84,18,B
B1800004,202200040,84,18,B
B1800004,202300008,94,18,B
B1800004,202300011,94,18,B
B1800004,202300014,94,18,B
B1800004,202300017,94,18,B
B1800004,202300020,94,18,B
B1800004,202300038,79,18,B
B1800004,202300041,79,18,B
B1800004,202300044,79,18,B
B1800004,202300047,79,18,B
B1800004,202300050,79,18,B
B1800004,202400018,89,18,B
B1800004,202400021,89,18,B
B1800004,202400024,89,18,B
B1800004,202400027,89,18,B
B1800004,202400030,89,18,B
B1800004,202400048,74,18,B
B1800005,202200001,75,18,B
B1800005,202200004,75,18,B
B1800005,202200007,75,18,B
B1800005,202200010,75,18,B
B1800005,202200013,75,18,B
B1800005,202200031,85,18,B
B1800005,202200034,85,18,B
B1800005,202200037,85,18,B
B1800005,202200040,85,18,B
B1800005,202200043,85,18,B
B1800005,202300011,70,18,B
B1800005,202300014,70,18,B
B1800005,202300017,70,18,B
B1800005,202300020,70,18,B
B1800005,202300023,70,18,B
B1800005,202300041,80,18,B
B1800005,202300044,80,18,B
B1800005,202300047,80,18,B
B1800005,202300050,80,18,B
B1800005,202400003,80,18,B
B1800005,202400021,90,18,B
B1800005,202400024,90,18,B
B1800005,202400027,90,18,B
B1800005,202400030,90,18,B
B1800005,202400033,90,18,B
B1800006,202200004,76,18,B
B1800006,202200007,76,18,B
B1800006,202200010,76,18,B
B1800006,202200013,76,18,B
B1800006,202200016,76,18,B
B1800006,202200034,86,18,B
B1800006,202200037,86,18,B
B1800006,202200040,86,18,B
B1800006,202200043,86,18,B
B1800006,202200046,86,18,B
B1800006,202300014,71,18,B
B1800006,202300017,71,18,B
B1800006,202300020,71,18,B
B1800006,202300023,71,18,B
B1800006,202300026,71,18,B
B1800006,202300044,81,18,B
B1800006,202300047,81,18,B
B1800006,202300050,81,18,B
B1800006,202400003,81,18,B
B1800006,202400006,81,18,B
B1800006,202400024,91,18,B
B1800006,202400027,91,18,B
B1800006,202400030,91,18,B
B1800006,202400033,91,18,B
B1800006,202400036,91,18,B
B1800007,202200007,77,18,B
B1800007,202200010,77,18,B
B1800007,202200013,77,18,B
B1800007,202200016,77,18,B
B1800007,202200019,77,18,B
B1800007,202200037,87,18,B
B1800007,202200040,87,18,B
B1800007,202200043,87,18,B
B1800007,202200046,87,18,B
B1800007,202200049,87,18,B
B1800007,202300017,72,18,B
B1800007,202300020,72,18,B
B1800007,202300023,72,18,B
B1800007,202300026,72,18,B
B1800007,202300029,72,18,B
B1800007,202300047,82,18,B
B1800007,202300050,82,18,B
B1800007,202400003,82,18,B
B1800007,202400006,82,18,B
B1800007,202400009,82,18,B
B1800007,202400027,92,18,B
B1800007,202400030,92,18,B
B1800007,202400033,92,18,B
B1800007,202400036,92,18,B
B1800007,202400039,92,18,B
B1800008,202200010,78,18,B
B1800008,202200013,78,18,B
B1800008,202200016,78,18,B
B1800008,202200019,78,18,B
B1800008,202200022,78,18,B
B1800008,202200040,88,18,B
B1800008,202200043,88,18,B
B1800008,202200046,88,18,B
B1800008,202200049,88,18,B
B1800008,202300002,88,18,B
B1800008,202300020,73,18,B
B1800008,202300023,73,18,B
B1800008,202300026,73,18,B
B1800008,202300029,73,18,B
B1800008,202300032,73,18,B
B1800008,202300050,83,18,B
B1800008,202400003,83,18,B
B1800008,202400006,83,18,B
B1800008,202400009,83,18,B
B1800008,202400012,83,18,B
B1800008,202400030,93,18,B
B1800008,202400033,93,18,B
B1800008,202400036,93,18,B
B1800008,202400039,93,18,B
B1800008,202400042,93,18,B
B1800009,202200013,79,18,B
B1800009,202200016,79,18,B
B1800009,202200019,79,18,B
B1800009,202200022,79,18,B
B1800009,202200025,79,18,B
B1800009,202200043,89,18,B
B1800009,202200046,89,18,B
B1800009,202200049,89,18,B
B1800009,202300002,89,18,B
B1800009,202300005,89,18,B
B1800009,202300023,74,18,B
B1800009,202300026,74,18,B
B1800009,202300029,74,18,B
B1800009,202300032,74,18,B
B1800009,202300035,74,18,B
B1800009,202400003,84,18,B
B1800009,202400006,84,18,B
B1800009,202400009,84,18,B
B1800009,202400012,84,18,B
B1800009,202400015,84,18,B
B1800009,202400033,94,18,B
B1800009,202400036,94,18,B
B1800009,202400039,94,18,B
B1800009,202400042,94,18,B
B1800009,202400045,94,18,B
B1800010,202200016,80,18,B
B1800010,202200019,80,18,B
B1800010,202200022,80,18,B
B1800010,202200025,80,18,B
B1800010,202200028,80,18,B
B1800010,202200046,90,18,B
B1800010,202200049,90,18,B
B1800010,202300002,90,18,B
B1800010,202300005,90,18,B
B1800010,202300008,90,18,B
B1800010,202300026,75,18,B
B1800010,202300029,75,18,B
B1800010,202300032,75,18,B
B1800010,202300035,75,18,B
B1800010,202300038,75,18,B
B1800010,202400006,85,18,B
B1800010,202400009,85,18,B
B1800010,202400012,85,18,B
B1800010,202400015,85,18,B
B1800010,202400018,85,18,B
B1800010,202400036,70,18,B
B1800010,202400039,70,18,B
B1800010,202400042,70,18,B
B1800010,202400045,70,18,B
B1800010,202400048,70,18,B
C1800001,202200009,90,18,C
C1800001,202200018,85,18,C
C1800001,202200021,85,18,C
C1800001,202200027,80,18,C
C1800001,202200030,80,18,C
C1800001,202200039,75,18,C
C1800001,202200048,70,18,C
C1800001,202300001,70,18,C
C1800001,202300007,90,18,C
C1800001,202300010,90,18,C
C1800001,202300019,85,18,C
C1800001,202300028,80,18,C
C1800001,202300031,80,18,C
C1800001,202300037,75,18,C
C1800001,202300040,75,18,C
C1800001,202300049,70,18,C
C1800001,202400008,90,18,C
C1800001,202400011,90,18,C
C1800001,202400017,85,18,C
C1800001,202400020,85,18,C
C1800001,202400029,80,18,C
C1800001,202400038,75,18,C
C1800001,202400041,75,18,C
C1800001,202400047,70,18,C
C1800001,202400050,70,18,C
C1800002,202200009,72,18,C
C1800002,202200012,72,18,C
C1800002,202200018,92,18,C
C1800002,202200021,92,18,C
C1800002,202200030,87,18,C
C1800002,202200039,82,18,C
C1800002,202200042,82,18,C
C1800002,202200048,77,18,C
C1800002,202300001,77,18,C
C1800002,202300010,72,18,C
C1800002,202300019,92,18,C
C1800002,202300022,92,18,C
C1800002,202300028,87,18,C
C1800002,202300031,87,18,C
C1800002,202300040,82,18,C
C1800002,202300049,77,18,C
C1800002,202400002,77,18,C
C1800002,202400008,72,18,C
C1800002,202400011,72,18,C
C1800002,202400020,92,18,C
C1800002,202400029,87,18,C
C1800002,202400032,87,18,C
C1800002,202400038,82,18,C
C1800002,202400041,82,18,C
C1800002,202400050,77,18,C
C1800003,202200003,84,18,C
C1800003,202200009,79,18,C
C1800003,202200012,79,18,C
C1800003,202200021,74,18,C
C1800003,202200030,94,18,C
C1800003,202200033,94,18,C
C1800003,202200039,89,18,C
C1800003,202200042,89,18,C
C1800003,202300001,84,18,C
C1800003,202300010,79,18,C
C1800003,202300013,79,18,C
C1800003,202300019,74,18,C
C1800003,202300022,74,18,C
C1800003,202300031,94,18,C
C1800003,202300040,89,18,C
C1800003,202300043,89,18,C
C1800003,202300049,84,18,C
C1800003,202400002,84,18,C
C1800003,202400011,79,18,C
C1800003,202400020,74,18,C
C1800003,202400023,74,18,C
C1800003,202400029,94,18,C
C1800003,202400032,94,18,C
C1800003,202400041,89,18,C
C1800003,202400050,84,18,C
C1800004,202200003,91,18,C
C1800004,202200012,86,18,C
C1800004,202200021,81,18,C
C1800004,202200024,81,18,C
C1800004,202200030,76,18,C
C1800004,202200033,76,18,C
C1800004,202200042,71,18,C
C1800004,202300001,91,18,C
C1800004,202300004,91,18,C
C1800004,202300010,86,18,C
C1800004,202300013,86,18,C
C1800004,202300022,81,18,C
C1800004,202300031,76,18,C
C1800004,202300034,76,18,C
C1800004,202300040,71,18,C
C1800004,202300043,71,18,C
C1800004,202400002,91,18,C
C1800004,202400011,86,18,C
C1800004,202400014,86,18,C
C1800004,202400020,81,18,C
C1800004,202400023,81,18,C
C1800004,202400032,76,18,C
C1800004,202400041,71,18,C
C1800004,202400044,71,18,C
C1800004,202400050,91,18,C
C1800005,202200003,73,18,C
C1800005,202200012,93,18,C
C1800005,202200015,93,18,C
C1800005,202200021,88,18,C
C1800005,202200024,88,18,C
C1800005,202200033,83,18,C
C1800005,202200042,78,18,C
C1800005,202200045,78,18,C
C1800005,202300001,73,18,C
C1800005,202300004,73,18,C
C1800005,202300013,93,18,C
C1800005,202300022,88,18,C
C1800005,202300025,88,18,C
C1800005,202300031,83,18,C
C1800005,202300034,83,18,C
C1800005,202300043,78,18,C
C1800005,202400002,73,18,C
C1800005,202400005,73,18,C
C1800005,202400011,93,18,C
C1800005,202400014,93,18,C
C1800005,202400023,88,18,C
C1800005,202400032,83,18,C
C1800005,202400035,83,18,C
C1800005,202400041,78,18,C
C1800005,202400044,78,18,C
C1800006,202200003,80,18,C
C1800006,202200006,80,18,C
C1800006,202200012,75,18,C
C1800006,202200015,75,18,C
C1800006,202200024,70,18,C
C1800006,202200033,90,18,C
C1800006,202200036,90,18,C
C1800006,202200042,85,18,C
C1800006,202200045,85,18,C
C1800006,202300004,80,18,C
C1800006,202300013,75,18,C
C1800006,202300016,75,18,C
C1800006,202300022,70,18,C
C1800006,202300025,70,18,C
C1800006,202300034,90,18,C
C1800006,202300043,85,18,C
C1800006,202300046,85,18,C
C1800006,202400002,80,18,C
C1800006,202400005,80,18,C
C1800006,202400014,75,18,C
C1800006,202400023,70,18,C
C1800006,202400026,70,18,C
C1800006,202400032,90,18,C
C1800006,202400035,90,18,C
C1800006,202400044,85,18,C
C1800007,202200003,87,18,C
C1800007,202200006,87,18,C
C1800007,202200015,82,18,C
C1800007,202200024,77,18,C
C1800007,202200027,77,18,C
C1800007,202200033,72,18,C
C1800007,202200036,72,18,C
C1800007,202200045,92,18,C
C1800007,202300004,87,18,C
C1800007,202300007,87,18,C
C1800007,202300013,82,18,C
C1800007,202300016,82,18,C
C1800007,202300025,77,18,C
C1800007,202300034,72,18,C
C1800007,202300037,72,18,C
C1800007,202300043,92,18,C
C1800007,202300046,92,18,C
C1800007,202400005,87,18,C
C1800007,202400014,82,18,C
C1800007,202400017,82,18,C
C1800007,202400023,77,18,C
C1800007,202400026,77,18,C
C1800007,202400035,72,18,C
C1800007,202400044,92,18,C
C1800007,202400047,92,18,C
C1800008,202200006,94,18,C
C1800008,202200015,89,18,C
C1800008,202200018,89,18,C
C1800008,202200024,84,18,C
C1800008,202200027,84,18,C
C1800008,202200036,79,18,C
C1800008,202200045,74,18,C
C1800008,202200048,74,18,C
C1800008,202300004,94,18,C
C1800008,202300007,94,18,C
C1800008,202300016,89,18,C
C1800008,202300025,84,18,C
C1800008,202300028,84,18,C
C1800008,202300034,79,18,C
C1800008,202300037,79,18,C
C1800008,202300046,74,18,C
C1800008,202400005,94,18,C
C1800008,202400008,94,18,C
C1800008,202400014,89,18,C
C1800008,202400017,89,18,C
C1800008,202400026,84,18,C
C1800008,202400035,79,18,C
C1800008,202400038,79,18,C
C1800008,202400044,74,18,C
C1800008,202400047,74,18,C
C1800009,202200006,76,18,C
C1800009,202200009,76,18,C
C1800009,202200015,71,18,C
C1800009,202200018,71,18,C
C1800009,202200027,91,18,C
C1800009,202200036,86,18,C
C1800009,202200039,86,18,C
C1800009,202200045,81,18,C
C1800009,202200048,81,18,C
C1800009,202300007,76,18,C
C1800009,202300016,71,18,C
C1800009,202300019,71,18,C
C1800009,202300025,91,18,C
C1800009,202300028,91,18,C
C1800009,202300037,86,18,C
C1800009,202300046,81,18,C
C1800009,202300049,81,18,C
C1800009,202400005,76,18,C
C1800009,202400008,76,18,C
C1800009,202400017,71,18,C
C1800009,202400026,91,18,C
C1800009,202400029,91,18,C
C1800009,202400035,86,18,C
C1800009,202400038,86,18,C
C1800009,202400047,81,18,C
C1800010,202200006,83,18,C
C1800010,202200009,83,18,C
C1800010,202200018,78,18,C
C1800010,202200027,73,18,C
C1800010,202200030,73,18,C
C1800010,202200036,93,18,C
C1800010,202200039,93,18,C
C1800010,202200048,88,18,C
C1800010,202300007,83,18,C
C1800010,202300010,83,18,C
C1800010,202300016,78,18,C
C1800010,202300019,78,18,C
C1800010,202300028,73,18,C
C1800010,202300037,93,18,C
C1800010,202300040,93,18,C
C1800010,202300046,88,18,C
C1800010,202300049,88,18,C
C1800010,202400008,83,18,C
C1800010,202400017,78,18,C
C1800010,202400020,78,18,C
C1800010,202400026,73,18,C
C1800010,202400029,73,18,C
C1800010,202400038,93,18,C
C1800010,202400047,88,18,C
C1800010,202400050,88,18,C
B001,B001,NULL,19,B
B001,B003,NULL,19,B
B001,B010,NULL,19,B
B001,B011,NULL,19,B
B001,B014,NULL,19,B
B001,B016,NULL,19,B
B001,B021,NULL,19,B
B001,B029,NULL,19,B
B001,B031,NULL,19,B
B001,B034,NULL,19,B
B001,B035,NULL,19,B
B001,B036,NULL,19,B
B001,B037,NULL,19,B
B001,B038,NULL,19,B
B001,B039,NULL,19,B
B001,B043,NULL,19,B
B001,B044,NULL,19,B
B001,B045,NULL,19,B
B001,B046,NULL,19,B
B001,B047,NULL,19,B
B001,B050,NULL,19,B
B002,B005,NULL,19,B
B002,B006,NULL,19,B
B002,B007,NULL,19,B
B002,B008,NULL,19,B
B002,B010,NULL,19,B
B002,B012,NULL,19,B
B002,B016,NULL,19,B
B002,B018,NULL,19,B
B002,B019,NULL,19,B
B002,B020,NULL,19,B
B002,B022,NULL,19,B
B002,B024,NULL,19,B
B002,B025,NULL,19,B
B002,B028,NULL,19,B
B002,B032,NULL,19,B
B002,B033,NULL,19,B
B002,B038,NULL,19,B
B002,B040,NULL,19,B
B002,B041,NULL,19,B
B002,B042,NULL,19,B
B002,B044,NULL,19,B
B002,B045,NULL,19,B
B002,B049,NULL,19,B
B003,B001,NULL,19,B
B003,B002,NULL,19,B
B003,B003,NULL,19,B
B003,B010,NULL,19,B
B003,B016,NULL,19,B
B003,B018,NULL,19,B
B003,B020,NULL,19,B
B003,B021,NULL,19,B
B003,B023,NULL,19,B
B003,B024,NULL,19,B
B003,B026,NULL,19,B
B003,B027,NULL,19,B
B003,B028,NULL,19,B
B003,B029,NULL,19,B
B003,B030,NULL,19,B
B003,B033,NULL,19,B
B003,B035,NULL,19,B
B003,B037,NULL,19,B
B003,B043,NULL,19,B
B003,B046,NULL,19,B
B003,B047,NULL,19,B
B003,B048,NULL,19,B
B003,B050,NULL,19,B
B004,B001,NULL,19,B
B004,B004,NULL,19,B
B004,B005,NULL,19,B
B004,B006,NULL,19,B
B004,B009,NULL,19,B
B004,B011,NULL,19,B
B004,B012,NULL,19,B
B004,B013,NULL,19,B
B004,B015,NULL,19,B
B004,B019,NULL,19,B
B004,B020,NULL,19,B
B004,B023,NULL,19,B
B004,B027,NULL,19,B
B004,B029,NULL,19,B
B004,B030,NULL,19,B
B004,B031,NULL,19,B
B004,B034,NULL,19,B
B004,B035,NULL,19,B
B004,B038,NULL,19,B
B004,B044,NULL,19,B
B004,B045,NULL,19,B
B004,B046,NULL,19,B
B005,B002,NULL,19,B
B005,B006,NULL,19,B
B005,B007,NULL,19,B
B005,B008,NULL,19,B
B005,B010,NULL,19,B
B005,B011,NULL,19,B
B005,B012,NULL,19,B
B005,B013,NULL,19,B
B005,B014,NULL,19,B
B005,B015,NULL,19,B
B005,B016,NULL,19,B
B005,B018,NULL,19,B
B005,B020,NULL,19,B
B005,B022,NULL,19,B
B005,B025,NULL,19,B
B005,B027,NULL,19,B
B005,B030,NULL,19,B
B005,B032,NULL,19,B
B005,B034,NULL,19,B
B005,B036,NULL,19,B
B005,B037,NULL,19,B
B005,B038,NULL,19,B
B005,B039,NULL,19,B
B005,B041,NULL,19,B
B005,B042,NULL,19,B
B005,B045,NULL,19,B
B005,B046,NULL,19,B
B005,B047,NULL,19,B
B005,B048,NULL,19,B
B005,B049,NULL,19,B
B005,B050,NULL,19,B
B006,B003,NULL,19,B
B006,B004,NULL,19,B
B006,B005,NULL,19,B
B006,B007,NULL,19,B
B006,B009,NULL,19,B
B006,B010,NULL,19,B
B006,B013,NULL,19,B
B006,B014,NULL,19,B
B006,B015,NULL,19,B
B006,B017,NULL,19,B
B006,B018,NULL,19,B
B006,B024,NULL,19,B
B006,B025,NULL,19,B
B006,B026,NULL,19,B
B006,B028,NULL,19,B
B006,B030,NULL,19,B
B006,B032,NULL,19,B
B006,B033,NULL,19,B
B006,B036,NULL,19,B
B006,B040,NULL,19,B
B006,B041,NULL,19,B
B006,B042,NULL,19,B
B006,B043,NULL,19,B
B006,B044,NULL,19,B
B007,B002,NULL,19,B
B007,B004,NULL,19,B
B007,B005,NULL,19,B
B007,B006,NULL,19,B
B007,B007,NULL,19,B
B007,B013,NULL,19,B
B007,B015,NULL,19,B
B007,B016,NULL,19,B
B007,B017,NULL,19,B
B007,B019,NULL,19,B
B007,B021,NULL,19,B
B007,B023,NULL,19,B
B007,B025,NULL,19,B
B007,B026,NULL,19,B
B007,B028,NULL,19,B
B007,B029,NULL,19,B
B007,B031,NULL,19,B
B007,B032,NULL,19,B
B007,B034,NULL,19,B
B007,B036,NULL,19,B
B007,B037,NULL,19,B
B007,B040,NULL,19,B
B007,B045,NULL,19,B
B007,B047,NULL,19,B
B008,B002,NULL,19,B
B008,B004,NULL,19,B
B008,B005,NULL,19,B
B008,B006,NULL,19,B
B008,B008,NULL,19,B
B008,B009,NULL,19,B
B008,B011,NULL,19,B
B008,B014,NULL,19,B
B008,B015,NULL,19,B
B008,B017,NULL,19,B
B008,B018,NULL,19,B
B008,B021,NULL,19,B
B008,B022,NULL,19,B
B008,B024,NULL,19,B
B008,B025,NULL,19,B
B008,B027,NULL,19,B
B008,B028,NULL,19,B
B008,B031,NULL,19,B
B008,B033,NULL,19,B
B008,B034,NULL,19,B
B008,B035,NULL,19,B
B008,B036,NULL,19,B
B008,B038,NULL,19,B
B008,B039,NULL,19,B
B008,B041,NULL,19,B
B008,B042,NULL,19,B
B008,B043,NULL,19,B
B008,B048,NULL,19,B
B008,B049,NULL,19,B
B008,B050,NULL,19,B
B009,B001,NULL,19,B
B009,B003,NULL,19,B
B009,B004,NULL,19,B
B009,B007,NULL,19,B
B009,B008,NULL,19,B
B009,B009,NULL,19,B
B009,B011,NULL,19,B
B009,B012,NULL,19,B
B009,B013,NULL,19,B
B009,B017,NULL,19,B
B009,B019,NULL,19,B
B009,B021,NULL,19,B
B009,B022,NULL,19,B
B009,B023,NULL,19,B
B009,B026,NULL,19,B
B009,B027,NULL,19,B
B009,B030,NULL,19,B
B009,B032,NULL,19,B
B009,B039,NULL,19,B
B009,B040,NULL,19,B
B009,B041,NULL,19,B
B009,B046,NULL,19,B
B009,B047,NULL,19,B
B009,B048,NULL,19,B
B009,B049,NULL,19,B
B009,B050,NULL,19,B
B010,B001,NULL,19,B
B010,B002,NULL,19,B
B010,B003,NULL,19,B
B010,B008,NULL,19,B
B010,B009,NULL,19,B
B010,B012,NULL,19,B
B010,B014,NULL,19,B
B010,B017,NULL,19,B
B010,B019,NULL,19,B
B010,B020,NULL,19,B
B010,B022,NULL,19,B
B010,B023,NULL,19,B
B010,B024,NULL,19,B
B010,B026,NULL,19,B
B010,B029,NULL,19,B
B010,B031,NULL,19,B
B010,B033,NULL,19,B
B010,B035,NULL,19,B
B010,B037,NULL,19,B
B010,B039,NULL,19,B
B010,B040,NULL,19,B
B010,B042,NULL,19,B
B010,B043,NULL,19,B
B010,B044,NULL,19,B
B010,B048,NULL,19,B
B010,B049,NULL,19,B
C001,C001,,19,C
C001,C002,,19,C
C001,C003,,19,C
C001,C004,,19,C
C001,C005,,19,C
C001,C007,,19,C
C001,C013,,19,C
C001,C014,,19,C
C001,C017,,19,C
C001,C019,,19,C
C001,C020,,19,C
C001,C021,,19,C
C001,C022,,19,C
C001,C024,,19,C
C001,C026,,19,C
C001,C029,,19,C
C001,C035,,19,C
C001,C039,,19,C
C001,C041,,19,C
C001,C042,,19,C
C001,C044,,19,C
C001,C046,,19,C
C001,C048,,19,C
C001,C050,,19,C
C002,C002,,19,C
C002,C005,,19,C
C002,C006,,19,C
C002,C009,,19,C
C002,C010,,19,C
C002,C011,,19,C
C002,C012,,19,C
C002,C013,,19,C
C002,C018,,19,C
C002,C021,,19,C
C002,C023,,19,C
C002,C025,,19,C
C002,C027,,19,C
C002,C028,,19,C
C002,C029,,19,C
C002,C031,,19,C
C002,C032,,19,C
C002,C034,,19,C
C002,C035,,19,C
C002,C036,,19,C
C002,C040,,19,C
C002,C042,,19,C
C002,C045,,19,C
C002,C048,,19,C
C003,C001,,19,C
C003,C003,,19,C
C003,C004,,19,C
C003,C007,,19,C
C003,C008,,19,C
C003,C010,,19,C
C003,C011,,19,C
C003,C012,,19,C
C003,C014,,19,C
C003,C015,,19,C
C003,C016,,19,C
C003,C017,,19,C
C003,C018,,19,C
C003,C021,,19,C
C003,C022,,19,C
C003,C029,,19,C
C003,C030,,19,C
C003,C032,,19,C
C003,C033,,19,C
C003,C036,,19,C
C003,C037,,19,C
C003,C038,,19,C
C003,C039,,19,C
C003,C042,,19,C
C003,C043,,19,C
C003,C044,,19,C
C003,C046,,19,C
C003,C047,,19,C
C004,C001,,19,C
C004,C002,,19,C
C004,C004,,19,C
C004,C006,,19,C
C004,C007,,19,C
C004,C008,,19,C
C004,C009,,19,C
C004,C010,,19,C
C004,C011,,19,C
C004,C013,,19,C
C004,C015,,19,C
C004,C016,,19,C
C004,C019,,19,C
C004,C022,,19,C
C004,C023,,19,C
C004,C030,,19,C
C004,C031,,19,C
C004,C034,,19,C
C004,C035,,19,C
C004,C037,,19,C
C004,C039,,19,C
C004,C040,,19,C
C004,C043,,19,C
C004,C044,,19,C
C004,C045,,19,C
C004,C049,,19,C
C005,C005,,19,C
C005,C008,,19,C
C005,C011,,19,C
C005,C012,,19,C
C005,C013,,19,C
C005,C021,,19,C
C005,C022,,19,C
C005,C024,,19,C
C005,C026,,19,C
C005,C027,,19,C
C005,C028,,19,C
C005,C029,,19,C
C005,C030,,19,C
C005,C031,,19,C
C005,C033,,19,C
C005,C034,,19,C
C005,C035,,19,C
C005,C036,,19,C
C005,C037,,19,C
C005,C039,,19,C
C005,C040,,19,C
C005,C042,,19,C
C005,C045,,19,C
C005,C046,,19,C
C005,C048,,19,C
C005,C049,,19,C
C005,C050,,19,C
C006,C001,,19,C
C006,C003,,19,C
C006,C005,,19,C
C006,C010,,19,C
C006,C012,,19,C
C006,C014,,19,C
C006,C015,,19,C
C006,C016,,19,C
C006,C018,,19,C
C006,C019,,19,C
C006,C020,,19,C
C006,C022,,19,C
C006,C023,,19,C
C006,C024,,19,C
C006,C025,,19,C
C006,C028,,19,C
C006,C031,,19,C
C006,C033,,19,C
C006,C036,,19,C
C006,C037,,19,C
C006,C038,,19,C
C006,C039,,19,C
C006,C043,,19,C
C006,C047,,19,C
C006,C048,,19,C
C007,C002,,19,C
C007,C006,,19,C
C007,C008,,19,C
C007,C009,,19,C
C007,C014,,19,C
C007,C016,,19,C
C007,C019,,19,C
C007,C020,,19,C
C007,C025,,19,C
C007,C027,,19,C
C007,C030,,19,C
C007,C032,,19,C
C007,C038,,19,C
C007,C040,,19,C
C007,C041,,19,C
C007,C044,,19,C
C007,C045,,19,C
C007,C046,,19,C
C007,C049,,19,C
C008,C003,,19,C
C008,C004,,19,C
C008,C006,,19,C
C008,C009,,19,C
C008,C014,,19,C
C008,C015,,19,C
C008,C017,,19,C
C008,C018,,19,C
C008,C020,,19,C
C008,C021,,19,C
C008,C023,,19,C
C008,C024,,19,C
C008,C025,,19,C
C008,C026,,19,C
C008,C030,,19,C
C008,C031,,19,C
C008,C034,,19,C
C008,C035,,19,C
C008,C038,,19,C
C008,C041,,19,C
C008,C043,,19,C
C008,C044,,19,C
C008,C047,,19,C
C008,C049,,19,C
C008,C050,,19,C
C009,C002,,19,C
C009,C005,,19,C
C009,C007,,19,C
C009,C011,,19,C
C009,C017,,19,C
C009,C019,,19,C
C009,C020,,19,C
C009,C024,,19,C
C009,C025,,19,C
C009,C026,,19,C
C009,C027,,19,C
C009,C028,,19,C
C009,C032,,19,C
C009,C033,,19,C
C009,C036,,19,C
C009,C037,,19,C
C009,C040,,19,C
C009,C041,,19,C
C009,C043,,19,C
C009,C047,,19,C
C009,C048,,19,C
C009,C049,,19,C
C009,C050,,19,C
C010,C001,,19,C
C010,C003,,19,C
C010,C004,,19,C
C010,C006,,19,C
C010,C007,,19,C
C010,C008,,19,C
C010,C009,,19,C
C010,C010,,19,C
C010,C012,,19,C
C010,C013,,19,C
C010,C015,,19,C
C010,C016,,19,C
C010,C017,,19,C
C010,C018,,19,C
C010,C023,,19,C
C010,C026,,19,C
C010,C027,,19,C
C010,C028,,19,C
C010,C029,,19,C
C010,C032,,19,C
C010,C033,,19,C
C010,C034,,19,C
C010,C038,,19,C
C010,C041,,19,C
C010,C042,,19,C
C010,C045,,19,C
C010,C046,,19,C
C010,C047,,19,C
C010,C050,,19,C
B101,B001,NULL,2,B
B101,B005,NULL,2,B
B101,B006,NULL,2,B
B101,B015,NULL,2,B
B101,B021,NULL,2,B
B101,B026,NULL,2,B
B101,B028,NULL,2,B
B101,B031,NULL,2,B
B101,B032,NULL,2,B
B101,B035,NULL,2,B
B101,B036,NULL,2,B
B101,B040,NULL,2,B
B101,B044,NULL,2,B
B101,B047,NULL,2,B
B101,B050,NULL,2,B
B101,B055,NULL,2,B
B101,B057,NULL,2,B
B101,B071,NULL,2,B
B101,B072,NULL,2,B
B101,B076,NULL,2,B
B101,B095,NULL,2,B
B101,B096,NULL,2,B
B102,B013,NULL,2,B
B102,B029,NULL,2,B
B102,B041,NULL,2,B
B102,B042,NULL,2,B
B102,B046,NULL,2,B
B102,B060,NULL,2,B
B102,B062,NULL,2,B
B102,B073,NULL,2,B
B102,B077,NULL,2,B
B102,B087,NULL,2,B
B102,B094,NULL,2,B
B102,B103,NULL,2,B
B102,B107,NULL,2,B
B102,B113,NULL,2,B
B102,B120,NULL,2,B
B103,B002,NULL,2,B
B103,B016,NULL,2,B
B103,B022,NULL,2,B
B103,B029,NULL,2,B
B103,B034,NULL,2,B
B103,B052,NULL,2,B
B103,B057,NULL,2,B
B103,B060,NULL,2,B
B103,B064,NULL,2,B
B103,B068,NULL,2,B
B103,B081,NULL,2,B
B103,B090,NULL,2,B
B103,B092,NULL,2,B
B103,B094,NULL,2,B
B103,B095,NULL,2,B
B103,B103,NULL,2,B
B103,B104,NULL,2,B
B103,B108,NULL,2,B
B103,B115,NULL,2,B
B103,B118,NULL,2,B
B104,B001,NULL,2,B
B104,B002,NULL,2,B
B104,B008,NULL,2,B
B104,B011,NULL,2,B
B104,B037,NULL,2,B
B104,B050,NULL,2,B
B104,B053,NULL,2,B
B104,B056,NULL,2,B
B104,B058,NULL,2,B
B104,B059,NULL,2,B
B104,B063,NULL,2,B
B104,B069,NULL,2,B
B104,B093,NULL,2,B
B104,B096,NULL,2,B
B104,B099,NULL,2,B
B104,B107,NULL,2,B
B104,B109,NULL,2,B
B104,B114,NULL,2,B
B104,B118,NULL,2,B
B105,B016,NULL,2,B
B105,B024,NULL,2,B
B105,B025,NULL,2,B
B105,B033,NULL,2,B
B105,B042,NULL,2,B
B105,B049,NULL,2,B
B105,B054,NULL,2,B
B105,B066,NULL,2,B
B105,B067,NULL,2,B
B105,B072,NULL,2,B
B105,B084,NULL,2,B
B105,B091,NULL,2,B
B105,B092,NULL,2,B
B105,B098,NULL,2,B
B105,B102,NULL,2,B
B105,B104,NULL,2,B
B105,B106,NULL,2,B
B105,B110,NULL,2,B
B105,B112,NULL,2,B
B105,B114,NULL,2,B
B105,B115,NULL,2,B
B106,B005,NULL,2,B
B106,B007,NULL,2,B
B106,B009,NULL,2,B
B106,B010,NULL,2,B
B106,B012,NULL,2,B
B106,B015,NULL,2,B
B106,B020,NULL,2,B
B106,B024,NULL,2,B
B106,B026,NULL,2,B
B106,B028,NULL,2,B
B106,B031,NULL,2,B
B106,B034,NULL,2,B
B106,B038,NULL,2,B
B106,B043,NULL,2,B
B106,B051,NULL,2,B
B106,B056,NULL,2,B
B106,B062,NULL,2,B
B106,B063,NULL,2,B
B106,B071,NULL,2,B
B106,B075,NULL,2,B
B106,B078,NULL,2,B
B106,B082,NULL,2,B
B106,B084,NULL,2,B
B106,B101,NULL,2,B
B106,B110,NULL,2,B
B107,B007,NULL,2,B
B107,B017,NULL,2,B
B107,B023,NULL,2,B
B107,B025,NULL,2,B
B107,B030,NULL,2,B
B107,B047,NULL,2,B
B107,B048,NULL,2,B
B107,B054,NULL,2,B
B107,B058,NULL,2,B
B107,B066,NULL,2,B
B107,B073,NULL,2,B
B107,B077,NULL,2,B
B107,B088,NULL,2,B
B107,B090,NULL,2,B
B107,B108,NULL,2,B
B107,B112,NULL,2,B
B107,B116,NULL,2,B
B107,B117,NULL,2,B
B107,B119,NULL,2,B
B108,B003,NULL,2,B
B108,B010,NULL,2,B
B108,B017,NULL,2,B
B108,B018,NULL,2,B
B108,B019,NULL,2,B
B108,B022,NULL,2,B
B108,B027,NULL,2,B
B108,B032,NULL,2,B
B108,B033,NULL,2,B
B108,B040,NULL,2,B
B108,B067,NULL,2,B
B108,B068,NULL,2,B
B108,B074,NULL,2,B
B108,B076,NULL,2,B
B108,B079,NULL,2,B
B108,B085,NULL,2,B
B108,B086,NULL,2,B
B108,B087,NULL,2,B
B108,B099,NULL,2,B
B108,B100,NULL,2,B
B108,B101,NULL,2,B
B108,B117,NULL,2,B
B108,B120,NULL,2,B
B109,B003,NULL,2,B
B109,B004,NULL,2,B
B109,B006,NULL,2,B
B109,B011,NULL,2,B
B109,B012,NULL,2,B
B109,B013,NULL,2,B
B109,B014,NULL,2,B
B109,B021,NULL,2,B
B109,B030,NULL,2,B
B109,B035,NULL,2,B
B109,B036,NULL,2,B
B109,B037,NULL,2,B
B109,B045,NULL,2,B
B109,B051,NULL,2,B
B109,B059,NULL,2,B
B109,B065,NULL,2,B
B109,B070,NULL,2,B
B109,B078,NULL,2,B
B109,B079,NULL,2,B
B109,B089,NULL,2,B
B109,B091,NULL,2,B
B109,B093,NULL,2,B
B109,B116,NULL,2,B
B110,B008,NULL,2,B
B110,B009,NULL,2,B
B110,B019,NULL,2,B
B110,B023,NULL,2,B
B110,B027,NULL,2,B
B110,B038,NULL,2,B
B110,B039,NULL,2,B
B110,B048,NULL,2,B
B110,B052,NULL,2,B
B110,B055,NULL,2,B
B110,B064,NULL,2,B
B110,B069,NULL,2,B
B110,B075,NULL,2,B
B110,B085,NULL,2,B
B110,B100,NULL,2,B
B110,B102,NULL,2,B
B110,B106,NULL,2,B
B110,B113,NULL,2,B
B110,B119,NULL,2,B
B111,B004,NULL,2,B
B111,B018,NULL,2,B
B111,B020,NULL,2,B
B111,B043,NULL,2,B
B111,B044,NULL,2,B
B111,B049,NULL,2,B
B111,B053,NULL,2,B
B111,B061,NULL,2,B
B111,B065,NULL,2,B
B111,B070,NULL,2,B
B111,B074,NULL,2,B
B111,B080,NULL,2,B
B111,B082,NULL,2,B
B111,B083,NULL,2,B
B111,B097,NULL,2,B
B111,B105,NULL,2,B
B111,B109,NULL,2,B
B111,B111,NULL,2,B
B112,B014,NULL,2,B
B112,B039,NULL,2,B
B112,B041,NULL,2,B
B112,B045,NULL,2,B
B112,B046,NULL,2,B
B112,B061,NULL,2,B
B112,B080,NULL,2,B
B112,B081,NULL,2,B
B112,B083,NULL,2,B
B112,B086,NULL,2,B
B112,B088,NULL,2,B
B112,B089,NULL,2,B
B112,B097,NULL,2,B
B112,B098,NULL,2,B
B112,B105,NULL,2,B
B112,B111,NULL,2,B
B113,B001,NULL,2,B
B113,B006,NULL,2,B
B113,B010,NULL,2,B
B113,B020,NULL,2,B
B113,B048,NULL,2,B
B113,B051,NULL,2,B
B113,B074,NULL,2,B
B113,B084,NULL,2,B
B113,B087,NULL,2,B
B113,B109,NULL,2,B
B113,B113,NULL,2,B
B113,B117,NULL,2,B
B114,B031,NULL,2,B
B114,B060,NULL,2,B
B115,B036,NULL,2,B
B115,B046,NULL,2,B
B115,B089,NULL,2,B
B115,B116,NULL,2,B
B116,B005,NULL,2,B
B116,B013,NULL,2,B
B116,B022,NULL,2,B
B116,B041,NULL,2,B
B116,B052,NULL,2,B
B116,B053,NULL,2,B
B116,B062,NULL,2,B
B116,B071,NULL,2,B
B116,B104,NULL,2,B
B116,B111,NULL,2,B
B117,B018,NULL,2,B
B117,B025,NULL,2,B
B117,B034,NULL,2,B
B117,B047,NULL,2,B
B117,B057,NULL,2,B
B117,B059,NULL,2,B
B117,B076,NULL,2,B
B117,B085,NULL,2,B
B117,B088,NULL,2,B
B117,B103,NULL,2,B
B118,B054,NULL,2,B
B118,B064,NULL,2,B
B118,B096,NULL,2,B
B118,B097,NULL,2,B
B118,B114,NULL,2,B
B119,B032,NULL,2,B
B119,B078,NULL,2,B
B119,B079,NULL,2,B
B119,B080,NULL,2,B
B120,B007,NULL,2,B
B120,B016,NULL,2,B
B120,B039,NULL,2,B
B120,B073,NULL,2,B
B120,B102,NULL,2,B
B121,B019,NULL,2,B
B121,B030,NULL,2,B
B121,B037,NULL,2,B
B121,B068,NULL,2,B
B121,B099,NULL,2,B
B121,B119,NULL,2,B
B122,B002,NULL,2,B
B122,B008,NULL,2,B
B122,B029,NULL,2,B
B122,B040,NULL,2,B
B122,B056,NULL,2,B
B122,B090,NULL,2,B
B122,B100,NULL,2,B
B122,B101,NULL,2,B
B123,B009,NULL,2,B
B123,B015,NULL,2,B
B123,B066,NULL,2,B
B123,B077,NULL,2,B
B124,B021,NULL,2,B
B124,B045,NULL,2,B
B124,B055,NULL,2,B
B124,B070,NULL,2,B
B124,B081,NULL,2,B
B124,B105,NULL,2,B
B125,B003,NULL,2,B
B125,B011,NULL,2,B
B125,B023,NULL,2,B
B125,B024,NULL,2,B
B125,B027,NULL,2,B
B125,B115,NULL,2,B
B126,B004,NULL,2,B
B126,B028,NULL,2,B
B126,B033,NULL,2,B
B126,B042,NULL,2,B
B126,B044,NULL,2,B
B126,B063,NULL,2,B
B126,B065,NULL,2,B
B126,B072,NULL,2,B
B126,B093,NULL,2,B
B126,B106,NULL,2,B
B127,B017,NULL,2,B
B127,B091,NULL,2,B
B127,B098,NULL,2,B
B127,B120,NULL,2,B
B128,B014,NULL,2,B
B128,B038,NULL,2,B
B129,B012,NULL,2,B
B129,B043,NULL,2,B
B129,B049,NULL,2,B
B129,B050,NULL,2,B
B129,B067,NULL,2,B
B129,B082,NULL,2,B
B129,B095,NULL,2,B
B129,B108,NULL,2,B
B129,B112,NULL,2,B
B129,B118,NULL,2,B
B130,B026,NULL,2,B
B130,B035,NULL,2,B
B130,B058,NULL,2,B
B130,B061,NULL,2,B
B130,B069,NULL,2,B
B130,B075,NULL,2,B
B130,B083,NULL,2,B
B130,B086,NULL,2,B
B130,B092,NULL,2,B
B130,B094,NULL,2,B
B130,B107,NULL,2,B
B130,B110,NULL,2,B
B131,B006,NULL,2,B
B131,B012,NULL,2,B
B131,B030,NULL,2,B
B131,B052,NULL,2,B
B131,B112,NULL,2,B
B132,B032,NULL,2,B
B132,B115,NULL,2,B
B132,B117,NULL,2,B
B133,B053,NULL,2,B
B133,B060,NULL,2,B
B133,B069,NULL,2,B
B133,B079,NULL,2,B
B133,B113,NULL,2,B
B133,B118,NULL,2,B
B134,B017,NULL,2,B
B134,B027,NULL,2,B
B134,B029,NULL,2,B
B134,B036,NULL,2,B
B134,B047,NULL,2,B
B134,B051,NULL,2,B
B134,B075,NULL,2,B
B134,B107,NULL,2,B
B135,B010,NULL,2,B
B135,B061,NULL,2,B
B135,B065,NULL,2,B
B135,B084,NULL,2,B
B135,B085,NULL,2,B
B135,B091,NULL,2,B
B135,B095,NULL,2,B
B136,B037,NULL,2,B
B136,B070,NULL,2,B
B136,B080,NULL,2,B
B136,B096,NULL,2,B
B136,B100,NULL,2,B
B137,B002,NULL,2,B
B137,B019,NULL,2,B
B137,B025,NULL,2,B
B137,B058,NULL,2,B
B137,B090,NULL,2,B
B137,B094,NULL,2,B
B138,B011,NULL,2,B
B138,B089,NULL,2,B
B138,B111,NULL,2,B
B139,B016,NULL,2,B
B139,B049,NULL,2,B
B139,B083,NULL,2,B
B140,B097,NULL,2,B
B140,B099,NULL,2,B
B140,B119,NULL,2,B
B141,B021,NULL,2,B
B141,B050,NULL,2,B
B141,B077,NULL,2,B
B141,B114,NULL,2,B
B142,B023,NULL,2,B
B142,B042,NULL,2,B
B142,B044,NULL,2,B
B142,B067,NULL,2,B
B142,B082,NULL,2,B
B142,B088,NULL,2,B
B142,B102,NULL,2,B
B143,B001,NULL,2,B
B143,B008,NULL,2,B
B143,B013,NULL,2,B
B143,B014,NULL,2,B
B143,B022,NULL,2,B
B143,B024,NULL,2,B
B143,B034,NULL,2,B
B143,B043,NULL,2,B
B143,B054,NULL,2,B
B143,B081,NULL,2,B
B143,B093,NULL,2,B
B143,B103,NULL,2,B
B143,B105,NULL,2,B
B144,B009,NULL,2,B
B144,B057,NULL,2,B
B144,B059,NULL,2,B
B144,B108,NULL,2,B
B144,B116,NULL,2,B
B145,B004,NULL,2,B
B145,B007,NULL,2,B
B145,B020,NULL,2,B
B145,B031,NULL,2,B
B145,B045,NULL,2,B
B145,B046,NULL,2,B
B146,B041,NULL,2,B
B146,B056,NULL,2,B
B146,B072,NULL,2,B
B146,B092,NULL,2,B
B146,B109,NULL,2,B
B147,B063,NULL,2,B
B147,B068,NULL,2,B
B147,B078,NULL,2,B
B147,B087,NULL,2,B
B148,B028,NULL,2,B
B148,B040,NULL,2,B
B148,B073,NULL,2,B
B148,B074,NULL,2,B
B148,B076,NULL,2,B
B149,B018,NULL,2,B
B149,B026,NULL,2,B
B149,B039,NULL,2,B
B149,B066,NULL,2,B
B149,B101,NULL,2,B
B150,B003,NULL,2,B
B150,B033,NULL,2,B
B150,B048,NULL,2,B
B150,B086,NULL,2,B
B150,B106,NULL,2,B
B150,B120,NULL,2,B
B151,B005,NULL,2,B
B151,B035,NULL,2,B
B151,B038,NULL,2,B
B151,B055,NULL,2,B
B151,B062,NULL,2,B
B151,B064,NULL,2,B
B151,B071,NULL,2,B
B151,B098,NULL,2,B
B152,B015,NULL,2,B
B152,B104,NULL,2,B
B152,B110,NULL,2,B
B154,B047,NULL,2,B
B154,B062,NULL,2,B
B154,B073,NULL,2,B
B155,B009,NULL,2,B
B155,B022,NULL,2,B
B155,B055,NULL,2,B
B155,B087,NULL,2,B
B155,B105,NULL,2,B
B155,B111,NULL,2,B
B156,B037,NULL,2,B
B156,B104,NULL,2,B
B156,B117,NULL,2,B
B158,B040,NULL,2,B
B158,B041,NULL,2,B
B158,B101,NULL,2,B
B158,B120,NULL,2,B
B159,B005,NULL,2,B
B159,B020,NULL,2,B
B159,B025,NULL,2,B
B159,B030,NULL,2,B
B159,B044,NULL,2,B
B159,B103,NULL,2,B
B160,B006,NULL,2,B
B160,B012,NULL,2,B
B160,B077,NULL,2,B
B160,B080,NULL,2,B
B160,B085,NULL,2,B
B161,B035,NULL,2,B
B161,B053,NULL,2,B
B161,B086,NULL,2,B
B161,B109,NULL,2,B
B162,B026,NULL,2,B
B162,B028,NULL,2,B
B162,B079,NULL,2,B
B162,B083,NULL,2,B
B162,B092,NULL,2,B
B162,B118,NULL,2,B
B163,B013,NULL,2,B
B163,B016,NULL,2,B
B163,B069,NULL,2,B
B164,B010,NULL,2,B
B164,B019,NULL,2,B
B164,B029,NULL,2,B
B164,B043,NULL,2,B
B164,B056,NULL,2,B
B164,B068,NULL,2,B
B165,B023,NULL,2,B
B165,B102,NULL,2,B
B167,B024,NULL,2,B
B167,B032,NULL,2,B
B167,B033,NULL,2,B
B167,B039,NULL,2,B
B167,B089,NULL,2,B
B168,B007,NULL,2,B
B168,B071,NULL,2,B
B168,B093,NULL,2,B
B168,B094,NULL,2,B
B169,B015,NULL,2,B
B169,B050,NULL,2,B
B169,B052,NULL,2,B
B169,B081,NULL,2,B
B169,B082,NULL,2,B
B169,B084,NULL,2,B
B169,B096,NULL,2,B
B170,B002,NULL,2,B
B170,B008,NULL,2,B
B170,B034,NULL,2,B
B170,B067,NULL,2,B
B170,B075,NULL,2,B
B170,B090,NULL,2,B
B170,B099,NULL,2,B
B170,B115,NULL,2,B
B171,B001,NULL,2,B
B171,B004,NULL,2,B
B171,B036,NULL,2,B
B171,B063,NULL,2,B
B171,B106,NULL,2,B
B171,B116,NULL,2,B
B172,B064,NULL,2,B
B172,B098,NULL,2,B
B173,B014,NULL,2,B
B173,B042,NULL,2,B
B173,B045,NULL,2,B
B173,B049,NULL,2,B
B174,B021,NULL,2,B
B174,B038,NULL,2,B
B174,B060,NULL,2,B
B175,B070,NULL,2,B
B175,B078,NULL,2,B
B175,B088,NULL,2,B
B175,B107,NULL,2,B
B176,B031,NULL,2,B
B176,B051,NULL,2,B
B176,B054,NULL,2,B
B176,B065,NULL,2,B
B176,B097,NULL,2,B
B176,B114,NULL,2,B
B177,B003,NULL,2,B
B177,B046,NULL,2,B
B177,B058,NULL,2,B
B177,B061,NULL,2,B
B177,B112,NULL,2,B
B178,B011,NULL,2,B
B178,B018,NULL,2,B
B178,B072,NULL,2,B
B178,B091,NULL,2,B
B178,B100,NULL,2,B
B178,B108,NULL,2,B
B178,B119,NULL,2,B
B179,B017,NULL,2,B
B179,B048,NULL,2,B
B179,B057,NULL,2,B
B179,B074,NULL,2,B
B179,B095,NULL,2,B
B179,B113,NULL,2,B
B180,B027,NULL,2,B
B180,B059,NULL,2,B
B180,B066,NULL,2,B
B180,B076,NULL,2,B
B180,B110,NULL,2,B
B181,B018,NULL,2,B
B181,B047,NULL,2,B
B181,B052,NULL,2,B
B181,B061,NULL,2,B
B182,B019,NULL,2,B
B182,B021,NULL,2,B
B182,B026,NULL,2,B
B182,B059,NULL,2,B
B182,B093,NULL,2,B
B182,B107,NULL,2,B
B182,B108,NULL,2,B
B182,B116,NULL,2,B
B183,B045,NULL,2,B
B183,B051,NULL,2,B
B183,B070,NULL,2,B
B183,B071,NULL,2,B
B183,B090,NULL,2,B
B184,B036,NULL,2,B
B184,B038,NULL,2,B
B184,B062,NULL,2,B
B184,B067,NULL,2,B
B184,B074,NULL,2,B
B185,B013,NULL,2,B
B185,B028,NULL,2,B
B185,B043,NULL,2,B
B185,B053,NULL,2,B
B185,B085,NULL,2,B
B185,B095,NULL,2,B
B185,B098,NULL,2,B
B186,B002,NULL,2,B
B186,B005,NULL,2,B
B186,B044,NULL,2,B
B186,B055,NULL,2,B
B186,B060,NULL,2,B
B186,B077,NULL,2,B
B186,B087,NULL,2,B
B186,B094,NULL,2,B
B186,B104,NULL,2,B
B187,B020,NULL,2,B
B187,B032,NULL,2,B
B187,B057,NULL,2,B
B187,B076,NULL,2,B
B187,B089,NULL,2,B
B188,B063,NULL,2,B
B188,B078,NULL,2,B
B188,B120,NULL,2,B
B189,B031,NULL,2,B
B189,B034,NULL,2,B
B189,B046,NULL,2,B
B190,B014,NULL,2,B
B190,B016,NULL,2,B
B190,B024,NULL,2,B
B190,B025,NULL,2,B
B190,B056,NULL,2,B
B190,B068,NULL,2,B
B190,B117,NULL,2,B
B191,B037,NULL,2,B
B191,B079,NULL,2,B
B191,B081,NULL,2,B
B191,B082,NULL,2,B
B191,B101,NULL,2,B
B191,B118,NULL,2,B
B192,B001,NULL,2,B
B192,B004,NULL,2,B
B192,B008,NULL,2,B
B192,B035,NULL,2,B
B192,B050,NULL,2,B
B192,B075,NULL,2,B
B192,B091,NULL,2,B
B192,B112,NULL,2,B
B192,B114,NULL,2,B
B193,B030,NULL,2,B
B193,B064,NULL,2,B
B194,B007,NULL,2,B
B194,B069,NULL,2,B
B195,B023,NULL,2,B
B195,B049,NULL,2,B
B195,B066,NULL,2,B
B195,B080,NULL,2,B
B196,B010,NULL,2,B
B196,B065,NULL,2,B
B196,B097,NULL,2,B
B196,B099,NULL,2,B
B197,B027,NULL,2,B
B197,B033,NULL,2,B
B197,B048,NULL,2,B
B197,B084,NULL,2,B
B197,B100,NULL,2,B
B197,B102,NULL,2,B
B198,B039,NULL,2,B
B198,B073,NULL,2,B
B198,B096,NULL,2,B
B198,B119,NULL,2,B
B199,B011,NULL,2,B
B199,B012,NULL,2,B
B199,B015,NULL,2,B
B199,B017,NULL,2,B
B199,B058,NULL,2,B
B199,B083,NULL,2,B
B199,B088,NULL,2,B
B199,B103,NULL,2,B
B200,B009,NULL,2,B
B200,B054,NULL,2,B
B201,B029,NULL,2,B
B201,B042,NULL,2,B
B201,B072,NULL,2,B
B201,B086,NULL,2,B
B201,B105,NULL,2,B
B201,B109,NULL,2,B
B201,B115,NULL,2,B
B202,B041,NULL,2,B
B202,B092,NULL,2,B
B202,B106,NULL,2,B
B202,B111,NULL,2,B
B202,B113,NULL,2,B
B203,B003,NULL,2,B
B204,B006,NULL,2,B
B204,B022,NULL,2,B
B204,B040,NULL,2,B
B204,B110,NULL,2,B
C101,C019,NULL,2,C
C101,C025,NULL,2,C
C101,C029,NULL,2,C
C101,C053,NULL,2,C
C101,C056,NULL,2,C
C101,C057,NULL,2,C
C101,C060,NULL,2,C
C101,C071,NULL,2,C
C101,C079,NULL,2,C
C101,C081,NULL,2,C
C101,C092,NULL,2,C
C101,C093,NULL,2,C
C101,C095,NULL,2,C
C101,C096,NULL,2,C
C101,C098,NULL,2,C
C101,C102,NULL,2,C
C101,C104,NULL,2,C
C101,C107,NULL,2,C
C101,C108,NULL,2,C
C101,C113,NULL,2,C
C102,C015,NULL,2,C
C102,C017,NULL,2,C
C102,C022,NULL,2,C
C102,C023,NULL,2,C
C102,C027,NULL,2,C
C102,C034,NULL,2,C
C102,C053,NULL,2,C
C102,C054,NULL,2,C
C102,C061,NULL,2,C
C102,C063,NULL,2,C
C102,C066,NULL,2,C
C102,C077,NULL,2,C
C102,C088,NULL,2,C
C102,C090,NULL,2,C
C102,C092,NULL,2,C
C102,C099,NULL,2,C
C102,C109,NULL,2,C
C102,C113,NULL,2,C
C103,C008,NULL,2,C
C103,C019,NULL,2,C
C103,C023,NULL,2,C
C103,C029,NULL,2,C
C103,C032,NULL,2,C
C103,C037,NULL,2,C
C103,C040,NULL,2,C
C103,C041,NULL,2,C
C103,C045,NULL,2,C
C103,C047,NULL,2,C
C103,C051,NULL,2,C
C103,C052,NULL,2,C
C103,C062,NULL,2,C
C103,C070,NULL,2,C
C103,C076,NULL,2,C
C103,C080,NULL,2,C
C103,C091,NULL,2,C
C103,C094,NULL,2,C
C103,C095,NULL,2,C
C103,C096,NULL,2,C
C103,C097,NULL,2,C
C103,C100,NULL,2,C
C103,C101,NULL,2,C
C103,C102,NULL,2,C
C103,C108,NULL,2,C
C103,C114,NULL,2,C
C103,C116,NULL,2,C
C103,C119,NULL,2,C
C103,C120,NULL,2,C
C104,C001,NULL,2,C
C104,C009,NULL,2,C
C104,C016,NULL,2,C
C104,C017,NULL,2,C
C104,C024,NULL,2,C
C104,C044,NULL,2,C
C104,C048,NULL,2,C
C104,C050,NULL,2,C
C104,C065,NULL,2,C
C104,C068,NULL,2,C
C104,C073,NULL,2,C
C104,C076,NULL,2,C
C104,C077,NULL,2,C
C104,C099,NULL,2,C
C104,C106,NULL,2,C
C104,C109,NULL,2,C
C104,C111,NULL,2,C
C104,C112,NULL,2,C
C105,C005,NULL,2,C
C105,C009,NULL,2,C
C105,C015,NULL,2,C
C105,C039,NULL,2,C
C105,C043,NULL,2,C
C105,C055,NULL,2,C
C105,C063,NULL,2,C
C105,C072,NULL,2,C
C105,C078,NULL,2,C
C105,C079,NULL,2,C
C105,C083,NULL,2,C
C105,C087,NULL,2,C
C105,C098,NULL,2,C
C105,C110,NULL,2,C
C105,C112,NULL,2,C
C106,C004,NULL,2,C
C106,C012,NULL,2,C
C106,C018,NULL,2,C
C106,C026,NULL,2,C
C106,C031,NULL,2,C
C106,C033,NULL,2,C
C106,C035,NULL,2,C
C106,C036,NULL,2,C
C106,C038,NULL,2,C
C106,C042,NULL,2,C
C106,C049,NULL,2,C
C106,C054,NULL,2,C
C106,C071,NULL,2,C
C106,C075,NULL,2,C
C106,C084,NULL,2,C
C106,C085,NULL,2,C
C106,C094,NULL,2,C
C106,C107,NULL,2,C
C106,C118,NULL,2,C
C106,C119,NULL,2,C
C107,C011,NULL,2,C
C107,C014,NULL,2,C
C107,C028,NULL,2,C
C107,C032,NULL,2,C
C107,C042,NULL,2,C
C107,C046,NULL,2,C
C107,C052,NULL,2,C
C107,C055,NULL,2,C
C107,C058,NULL,2,C
C107,C074,NULL,2,C
C107,C082,NULL,2,C
C107,C084,NULL,2,C
C107,C087,NULL,2,C
C107,C093,NULL,2,C
C107,C100,NULL,2,C
C107,C103,NULL,2,C
C107,C106,NULL,2,C
C108,C003,NULL,2,C
C108,C013,NULL,2,C
C108,C016,NULL,2,C
C108,C020,NULL,2,C
C108,C025,NULL,2,C
C108,C028,NULL,2,C
C108,C030,NULL,2,C
C108,C031,NULL,2,C
C108,C048,NULL,2,C
C108,C059,NULL,2,C
C108,C064,NULL,2,C
C108,C067,NULL,2,C
C108,C068,NULL,2,C
C108,C069,NULL,2,C
C108,C073,NULL,2,C
C108,C086,NULL,2,C
C108,C105,NULL,2,C
C108,C117,NULL,2,C
C108,C120,NULL,2,C
C109,C002,NULL,2,C
C109,C010,NULL,2,C
C109,C012,NULL,2,C
C109,C013,NULL,2,C
C109,C014,NULL,2,C
C109,C021,NULL,2,C
C109,C026,NULL,2,C
C109,C030,NULL,2,C
C109,C045,NULL,2,C
C109,C047,NULL,2,C
C109,C049,NULL,2,C
C109,C057,NULL,2,C
C109,C058,NULL,2,C
C109,C059,NULL,2,C
C109,C061,NULL,2,C
C109,C078,NULL,2,C
C109,C080,NULL,2,C
C109,C090,NULL,2,C
C109,C104,NULL,2,C
C109,C114,NULL,2,C
C109,C115,NULL,2,C
C110,C001,NULL,2,C
C110,C005,NULL,2,C
C110,C007,NULL,2,C
C110,C010,NULL,2,C
C110,C011,NULL,2,C
C110,C018,NULL,2,C
C110,C024,NULL,2,C
C110,C033,NULL,2,C
C110,C038,NULL,2,C
C110,C040,NULL,2,C
C110,C046,NULL,2,C
C110,C060,NULL,2,C
C110,C066,NULL,2,C
C110,C074,NULL,2,C
C110,C091,NULL,2,C
C110,C097,NULL,2,C
C110,C103,NULL,2,C
C110,C117,NULL,2,C
C111,C003,NULL,2,C
C111,C006,NULL,2,C
C111,C021,NULL,2,C
C111,C022,NULL,2,C
C111,C034,NULL,2,C
C111,C036,NULL,2,C
C111,C037,NULL,2,C
C111,C039,NULL,2,C
C111,C041,NULL,2,C
C111,C050,NULL,2,C
C111,C065,NULL,2,C
C111,C067,NULL,2,C
C111,C069,NULL,2,C
C111,C072,NULL,2,C
C111,C075,NULL,2,C
C111,C082,NULL,2,C
C111,C089,NULL,2,C
C111,C105,NULL,2,C
C111,C118,NULL,2,C
C112,C002,NULL,2,C
C112,C004,NULL,2,C
C112,C006,NULL,2,C
C112,C007,NULL,2,C
C112,C008,NULL,2,C
C112,C020,NULL,2,C
C112,C027,NULL,2,C
C112,C035,NULL,2,C
C112,C043,NULL,2,C
C112,C044,NULL,2,C
C112,C051,NULL,2,C
C112,C056,NULL,2,C
C112,C062,NULL,2,C
C112,C064,NULL,2,C
C112,C070,NULL,2,C
C112,C081,NULL,2,C
C112,C083,NULL,2,C
C112,C085,NULL,2,C
C112,C086,NULL,2,C
C112,C088,NULL,2,C
C112,C089,NULL,2,C
C112,C101,NULL,2,C
C112,C110,NULL,2,C
C112,C111,NULL,2,C
C112,C115,NULL,2,C
C112,C116,NULL,2,C
C113,C010,NULL,2,C
C113,C011,NULL,2,C
C113,C021,NULL,2,C
C113,C034,NULL,2,C
C113,C049,NULL,2,C
C113,C069,NULL,2,C
C113,C073,NULL,2,C
C113,C076,NULL,2,C
C113,C080,NULL,2,C
C113,C082,NULL,2,C
C113,C084,NULL,2,C
C114,C006,NULL,2,C
C114,C013,NULL,2,C
C114,C031,NULL,2,C
C114,C032,NULL,2,C
C114,C039,NULL,2,C
C114,C043,NULL,2,C
C114,C058,NULL,2,C
C114,C067,NULL,2,C
C114,C072,NULL,2,C
C114,C087,NULL,2,C
C114,C089,NULL,2,C
C114,C105,NULL,2,C
C114,C108,NULL,2,C
C114,C111,NULL,2,C
C114,C113,NULL,2,C
C114,C118,NULL,2,C
C115,C003,NULL,2,C
C115,C010,NULL,2,C
C115,C012,NULL,2,C
C115,C014,NULL,2,C
C115,C015,NULL,2,C
C115,C024,NULL,2,C
C115,C037,NULL,2,C
C115,C048,NULL,2,C
C115,C049,NULL,2,C
C115,C051,NULL,2,C
C115,C056,NULL,2,C
C115,C063,NULL,2,C
C115,C065,NULL,2,C
C115,C075,NULL,2,C
C115,C083,NULL,2,C
C115,C092,NULL,2,C
C115,C093,NULL,2,C
C115,C102,NULL,2,C
C115,C104,NULL,2,C
C115,C108,NULL,2,C
C115,C113,NULL,2,C
C115,C115,NULL,2,C
C116,C002,NULL,2,C
C116,C028,NULL,2,C
C116,C045,NULL,2,C
C116,C046,NULL,2,C
C116,C062,NULL,2,C
C116,C080,NULL,2,C
C116,C088,NULL,2,C
C116,C090,NULL,2,C
C116,C099,NULL,2,C
C116,C112,NULL,2,C
C117,C013,NULL,2,C
C117,C020,NULL,2,C
C117,C023,NULL,2,C
C117,C025,NULL,2,C
C117,C029,NULL,2,C
C117,C033,NULL,2,C
C117,C036,NULL,2,C
C117,C047,NULL,2,C
C117,C048,NULL,2,C
C117,C059,NULL,2,C
C117,C060,NULL,2,C
C117,C064,NULL,2,C
C117,C071,NULL,2,C
C117,C072,NULL,2,C
C117,C073,NULL,2,C
C117,C083,NULL,2,C
C117,C093,NULL,2,C
C117,C095,NULL,2,C
C117,C096,NULL,2,C
C117,C114,NULL,2,C
C117,C120,NULL,2,C
C118,C004,NULL,2,C
C118,C008,NULL,2,C
C118,C017,NULL,2,C
C118,C019,NULL,2,C
C118,C027,NULL,2,C
C118,C032,NULL,2,C
C118,C040,NULL,2,C
C118,C066,NULL,2,C
C118,C070,NULL,2,C
C118,C094,NULL,2,C
C118,C100,NULL,2,C
C118,C103,NULL,2,C
C118,C106,NULL,2,C
C118,C116,NULL,2,C
C119,C024,NULL,2,C
C119,C030,NULL,2,C
C119,C044,NULL,2,C
C119,C063,NULL,2,C
C119,C081,NULL,2,C
C119,C098,NULL,2,C
C119,C101,NULL,2,C
C120,C001,NULL,2,C
C120,C004,NULL,2,C
C120,C031,NULL,2,C
C120,C037,NULL,2,C
C120,C060,NULL,2,C
C120,C061,NULL,2,C
C120,C086,NULL,2,C
C120,C100,NULL,2,C
C120,C101,NULL,2,C
C120,C119,NULL,2,C
C121,C001,NULL,2,C
C121,C002,NULL,2,C
C121,C005,NULL,2,C
C121,C026,NULL,2,C
C121,C029,NULL,2,C
C121,C030,NULL,2,C
C121,C047,NULL,2,C
C121,C054,NULL,2,C
C121,C055,NULL,2,C
C121,C065,NULL,2,C
C121,C067,NULL,2,C
C121,C075,NULL,2,C
C121,C079,NULL,2,C
C121,C085,NULL,2,C
C121,C109,NULL,2,C
C122,C018,NULL,2,C
C122,C021,NULL,2,C
C122,C022,NULL,2,C
C122,C035,NULL,2,C
C122,C038,NULL,2,C
C122,C040,NULL,2,C
C122,C041,NULL,2,C
C122,C057,NULL,2,C
C122,C088,NULL,2,C
C122,C095,NULL,2,C
C122,C102,NULL,2,C
C122,C107,NULL,2,C
C122,C110,NULL,2,C
C123,C007,NULL,2,C
C123,C009,NULL,2,C
C123,C018,NULL,2,C
C123,C025,NULL,2,C
C123,C053,NULL,2,C
C123,C059,NULL,2,C
C123,C064,NULL,2,C
C123,C074,NULL,2,C
C123,C086,NULL,2,C
C123,C094,NULL,2,C
C123,C096,NULL,2,C
C123,C097,NULL,2,C
C123,C105,NULL,2,C
C123,C110,NULL,2,C
C123,C114,NULL,2,C
C123,C117,NULL,2,C
C124,C012,NULL,2,C
C124,C017,NULL,2,C
C124,C041,NULL,2,C
C124,C042,NULL,2,C
C124,C061,NULL,2,C
C124,C062,NULL,2,C
C124,C071,NULL,2,C
C124,C074,NULL,2,C
C124,C078,NULL,2,C
C124,C085,NULL,2,C
C124,C090,NULL,2,C
C124,C118,NULL,2,C
C125,C005,NULL,2,C
C125,C006,NULL,2,C
C125,C015,NULL,2,C
C125,C016,NULL,2,C
C125,C019,NULL,2,C
C125,C052,NULL,2,C
C125,C053,NULL,2,C
C125,C070,NULL,2,C
C125,C077,NULL,2,C
C125,C106,NULL,2,C
C125,C107,NULL,2,C
C125,C116,NULL,2,C
C126,C020,NULL,2,C
C126,C022,NULL,2,C
C126,C050,NULL,2,C
C126,C091,NULL,2,C
C126,C097,NULL,2,C
C126,C104,NULL,2,C
C126,C115,NULL,2,C
C126,C119,NULL,2,C
C127,C009,NULL,2,C
C127,C011,NULL,2,C
C127,C014,NULL,2,C
C127,C023,NULL,2,C
C127,C028,NULL,2,C
C127,C033,NULL,2,C
C127,C036,NULL,2,C
C127,C044,NULL,2,C
C127,C068,NULL,2,C
C127,C078,NULL,2,C
C127,C089,NULL,2,C
C127,C109,NULL,2,C
C128,C007,NULL,2,C
C128,C008,NULL,2,C
C128,C038,NULL,2,C
C128,C045,NULL,2,C
C128,C051,NULL,2,C
C128,C068,NULL,2,C
C128,C079,NULL,2,C
C128,C084,NULL,2,C
C128,C087,NULL,2,C
C128,C091,NULL,2,C
C128,C112,NULL,2,C
C129,C027,NULL,2,C
C129,C046,NULL,2,C
C129,C054,NULL,2,C
C129,C055,NULL,2,C
C129,C056,NULL,2,C
C129,C057,NULL,2,C
C129,C058,NULL,2,C
C129,C066,NULL,2,C
C129,C069,NULL,2,C
C129,C081,NULL,2,C
C129,C092,NULL,2,C
C129,C098,NULL,2,C
C129,C103,NULL,2,C
C129,C111,NULL,2,C
C129,C117,NULL,2,C
C130,C003,NULL,2,C
C130,C016,NULL,2,C
C130,C026,NULL,2,C
C130,C034,NULL,2,C
C130,C035,NULL,2,C
C130,C039,NULL,2,C
C130,C042,NULL,2,C
C130,C043,NULL,2,C
C130,C050,NULL,2,C
C130,C052,NULL,2,C
C130,C076,NULL,2,C
C130,C077,NULL,2,C
C130,C082,NULL,2,C
C130,C099,NULL,2,C
C130,C120,NULL,2,C
C131,C032,NULL,2,C
C131,C109,NULL,2,C
C132,C016,NULL,2,C
C132,C017,NULL,2,C
C132,C117,NULL,2,C
C132,C119,NULL,2,C
C133,C004,NULL,2,C
C133,C007,NULL,2,C
C133,C013,NULL,2,C
C133,C023,NULL,2,C
C133,C079,NULL,2,C
C134,C052,NULL,2,C
C134,C059,NULL,2,C
C134,C061,NULL,2,C
C134,C076,NULL,2,C
C134,C087,NULL,2,C
C134,C090,NULL,2,C
C135,C008,NULL,2,C
C135,C020,NULL,2,C
C135,C071,NULL,2,C
C135,C084,NULL,2,C
C135,C093,NULL,2,C
C135,C107,NULL,2,C
C135,C120,NULL,2,C
C136,C010,NULL,2,C
C136,C058,NULL,2,C
C136,C082,NULL,2,C
C136,C092,NULL,2,C
C136,C102,NULL,2,C
C137,C005,NULL,2,C
C137,C012,NULL,2,C
C137,C062,NULL,2,C
C137,C069,NULL,2,C
C137,C089,NULL,2,C
C137,C110,NULL,2,C
C138,C025,NULL,2,C
C138,C041,NULL,2,C
C138,C050,NULL,2,C
C138,C070,NULL,2,C
C138,C078,NULL,2,C
C138,C096,NULL,2,C
C138,C098,NULL,2,C
C138,C105,NULL,2,C
C138,C118,NULL,2,C
C139,C035,NULL,2,C
C139,C072,NULL,2,C
C139,C074,NULL,2,C
C139,C086,NULL,2,C
C139,C091,NULL,2,C
C140,C014,NULL,2,C
C140,C036,NULL,2,C
C140,C039,NULL,2,C
C140,C044,NULL,2,C
C140,C106,NULL,2,C
C141,C045,NULL,2,C
C141,C047,NULL,2,C
C141,C064,NULL,2,C
C141,C065,NULL,2,C
C141,C104,NULL,2,C
C141,C115,NULL,2,C
C142,C024,NULL,2,C
C142,C040,NULL,2,C
C142,C049,NULL,2,C
C142,C060,NULL,2,C
C142,C101,NULL,2,C
C142,C113,NULL,2,C
C143,C011,NULL,2,C
C143,C031,NULL,2,C
C143,C063,NULL,2,C
C143,C073,NULL,2,C
C143,C080,NULL,2,C
C143,C094,NULL,2,C
C143,C114,NULL,2,C
C144,C015,NULL,2,C
C144,C019,NULL,2,C
C144,C034,NULL,2,C
C144,C075,NULL,2,C
C145,C003,NULL,2,C
C145,C037,NULL,2,C
C145,C038,NULL,2,C
C145,C083,NULL,2,C
C146,C018,NULL,2,C
C146,C026,NULL,2,C
C146,C029,NULL,2,C
C146,C043,NULL,2,C
C147,C108,NULL,2,C
C148,C048,NULL,2,C
C148,C081,NULL,2,C
C148,C097,NULL,2,C
C148,C099,NULL,2,C
C149,C001,NULL,2,C
C149,C006,NULL,2,C
C149,C022,NULL,2,C
C149,C027,NULL,2,C
C149,C028,NULL,2,C
C149,C033,NULL,2,C
C149,C046,NULL,2,C
C149,C051,NULL,2,C
C149,C066,NULL,2,C
C149,C085,NULL,2,C
C149,C103,NULL,2,C
C149,C111,NULL,2,C
C149,C116,NULL,2,C
C150,C002,NULL,2,C
C150,C042,NULL,2,C
C150,C054,NULL,2,C
C150,C057,NULL,2,C
C150,C067,NULL,2,C
C150,C077,NULL,2,C
C151,C053,NULL,2,C
C151,C056,NULL,2,C
C151,C095,NULL,2,C
C151,C112,NULL,2,C
C152,C009,NULL,2,C
C152,C021,NULL,2,C
C152,C030,NULL,2,C
C152,C055,NULL,2,C
C152,C068,NULL,2,C
C152,C088,NULL,2,C
C152,C100,NULL,2,C
C153,C038,NULL,2,C
C153,C039,NULL,2,C
C153,C071,NULL,2,C
C153,C081,NULL,2,C
C153,C098,NULL,2,C
C153,C107,NULL,2,C
C154,C034,NULL,2,C
C154,C057,NULL,2,C
C154,C080,NULL,2,C
C154,C083,NULL,2,C
C154,C097,NULL,2,C
C155,C006,NULL,2,C
C155,C011,NULL,2,C
C155,C050,NULL,2,C
C155,C051,NULL,2,C
C155,C108,NULL,2,C
C156,C002,NULL,2,C
C156,C014,NULL,2,C
C156,C017,NULL,2,C
C157,C007,NULL,2,C
C157,C022,NULL,2,C
C157,C055,NULL,2,C
C157,C070,NULL,2,C
C158,C027,NULL,2,C
C158,C084,NULL,2,C
C159,C018,NULL,2,C
C159,C065,NULL,2,C
C159,C085,NULL,2,C
C160,C010,NULL,2,C
C160,C043,NULL,2,C
C160,C072,NULL,2,C
C160,C094,NULL,2,C
C160,C115,NULL,2,C
C161,C073,NULL,2,C
C161,C087,NULL,2,C
C162,C041,NULL,2,C
C162,C067,NULL,2,C
C162,C113,NULL,2,C
C163,C015,NULL,2,C
C163,C092,NULL,2,C
C163,C095,NULL,2,C
C163,C119,NULL,2,C
C164,C004,NULL,2,C
C164,C016,NULL,2,C
C164,C029,NULL,2,C
C164,C044,NULL,2,C
C164,C059,NULL,2,C
C164,C062,NULL,2,C
C164,C093,NULL,2,C
C164,C100,NULL,2,C
C165,C033,NULL,2,C
C165,C058,NULL,2,C
C165,C066,NULL,2,C
C165,C074,NULL,2,C
C165,C104,NULL,2,C
C165,C118,NULL,2,C
C166,C021,NULL,2,C
C166,C025,NULL,2,C
C166,C028,NULL,2,C
C166,C077,NULL,2,C
C166,C109,NULL,2,C
C166,C116,NULL,2,C
C167,C054,NULL,2,C
C167,C106,NULL,2,C
C168,C030,NULL,2,C
C168,C035,NULL,2,C
C168,C063,NULL,2,C
C169,C024,NULL,2,C
C169,C026,NULL,2,C
C169,C052,NULL,2,C
C169,C076,NULL,2,C
C170,C040,NULL,2,C
C170,C045,NULL,2,C
C170,C046,NULL,2,C
C170,C053,NULL,2,C
C170,C060,NULL,2,C
C170,C068,NULL,2,C
C170,C088,NULL,2,C
C170,C101,NULL,2,C
C171,C020,NULL,2,C
C171,C023,NULL,2,C
C171,C042,NULL,2,C
C171,C064,NULL,2,C
C171,C078,NULL,2,C
C171,C096,NULL,2,C
C172,C008,NULL,2,C
C172,C012,NULL,2,C
C172,C013,NULL,2,C
C172,C069,NULL,2,C
C172,C082,NULL,2,C
C172,C120,NULL,2,C
C173,C001,NULL,2,C
C173,C032,NULL,2,C
C173,C114,NULL,2,C
C173,C117,NULL,2,C
C174,C036,NULL,2,C
C174,C049,NULL,2,C
C174,C056,NULL,2,C
C174,C103,NULL,2,C
C175,C005,NULL,2,C
C175,C075,NULL,2,C
C175,C089,NULL,2,C
C176,C031,NULL,2,C
C176,C090,NULL,2,C
C176,C102,NULL,2,C
C177,C003,NULL,2,C
C177,C009,NULL,2,C
C177,C047,NULL,2,C
C177,C061,NULL,2,C
C177,C091,NULL,2,C
C177,C099,NULL,2,C
C177,C111,NULL,2,C
C178,C110,NULL,2,C
C179,C019,NULL,2,C
C179,C048,NULL,2,C
C179,C079,NULL,2,C
C179,C105,NULL,2,C
C180,C037,NULL,2,C
C180,C086,NULL,2,C
C180,C112,NULL,2,C
C181,C071,NULL,2,C
C181,C081,NULL,2,C
C181,C091,NULL,2,C
C181,C116,NULL,2,C
C182,C021,NULL,2,C
C182,C026,NULL,2,C
C182,C059,NULL,2,C
C182,C101,NULL,2,C
C183,C014,NULL,2,C
C183,C064,NULL,2,C
C184,C035,NULL,2,C
C184,C076,NULL,2,C
C184,C112,NULL,2,C
C184,C117,NULL,2,C
C185,C001,NULL,2,C
C185,C015,NULL,2,C
C185,C034,NULL,2,C
C185,C040,NULL,2,C
C185,C065,NULL,2,C
C185,C110,NULL,2,C
C186,C003,NULL,2,C
C186,C008,NULL,2,C
C186,C022,NULL,2,C
C186,C086,NULL,2,C
C186,C090,NULL,2,C
C187,C010,NULL,2,C
C187,C039,NULL,2,C
C187,C045,NULL,2,C
C187,C094,NULL,2,C
C188,C043,NULL,2,C
C188,C047,NULL,2,C
C188,C075,NULL,2,C
C188,C082,NULL,2,C
C188,C111,NULL,2,C
C189,C025,NULL,2,C
C189,C032,NULL,2,C
C189,C057,NULL,2,C
C189,C060,NULL,2,C
C190,C012,NULL,2,C
C190,C017,NULL,2,C
C190,C066,NULL,2,C
C190,C098,NULL,2,C
C190,C115,NULL,2,C
C191,C002,NULL,2,C
C191,C037,NULL,2,C
C191,C038,NULL,2,C
C191,C044,NULL,2,C
C191,C061,NULL,2,C
C191,C095,NULL,2,C
C191,C100,NULL,2,C
C191,C106,NULL,2,C
C192,C028,NULL,2,C
C192,C033,NULL,2,C
C192,C051,NULL,2,C
C192,C068,NULL,2,C
C192,C073,NULL,2,C
C192,C084,NULL,2,C
C192,C107,NULL,2,C
C193,C052,NULL,2,C
C193,C072,NULL,2,C
C194,C006,NULL,2,C
C194,C011,NULL,2,C
C194,C020,NULL,2,C
C194,C031,NULL,2,C
C194,C092,NULL,2,C
C194,C108,NULL,2,C
C195,C013,NULL,2,C
C195,C019,NULL,2,C
C195,C067,NULL,2,C
C196,C024,NULL,2,C
C196,C074,NULL,2,C
C197,C004,NULL,2,C
C197,C018,NULL,2,C
C197,C029,NULL,2,C
C197,C030,NULL,2,C
C197,C042,NULL,2,C
C197,C050,NULL,2,C
C197,C087,NULL,2,C
C197,C097,NULL,2,C
C197,C102,NULL,2,C
C197,C114,NULL,2,C
C197,C120,NULL,2,C
C198,C007,NULL,2,C
C198,C009,NULL,2,C
C198,C027,NULL,2,C
C198,C036,NULL,2,C
C198,C056,NULL,2,C
C198,C058,NULL,2,C
C198,C093,NULL,2,C
C198,C099,NULL,2,C
C199,C049,NULL,2,C
C199,C055,NULL,2,C
C199,C062,NULL,2,C
C199,C104,NULL,2,C
C199,C105,NULL,2,C
C199,C109,NULL,2,C
C200,C053,NULL,2,C
C200,C070,NULL,2,C
C200,C083,NULL,2,C
C200,C085,NULL,2,C
C200,C088,NULL,2,C
C201,C016,NULL,2,C
C201,C023,NULL,2,C
C201,C048,NULL,2,C
C201,C063,NULL,2,C
C201,C069,NULL,2,C
C201,C118,NULL,2,C
C202,C041,NULL,2,C
C202,C077,NULL,2,C
C202,C103,NULL,2,C
C203,C079,NULL,2,C
C203,C089,NULL,2,C
C203,C113,NULL,2,C
C204,C005,NULL,2,C
C204,C046,NULL,2,C
C204,C054,NULL,2,C
C204,C078,NULL,2,C
C204,C080,NULL,2,C
C204,C096,NULL,2,C
C204,C119,NULL,2,C
B-K01,B2026006,56,25,B
B-K01,B2026007,86,25,B
B-K01,B2026008,73,25,B
B-K01,B2026009,82,25,B
B-K01,B2026010,99,25,B
B-K01,B2026016,83,25,B
B-K01,B2026017,78,25,B
B-K01,B2026018,21,25,B
B-K01,B2026019,90,25,B
B-K01,B2026020,85,25,B
B-K01,B2026026,71,25,B
B-K01,B2026027,57,25,B
B-K01,B2026028,7,25,B
B-K01,B2026029,83,25,B
B-K01,B2026030,5,25,B
B-K01,B2026036,65,25,B
B-K01,B2026037,18,25,B
B-K01,B2026038,56,25,B
B-K01,B2026039,79,25,B
B-K01,B2026040,57,25,B
B-K01,B2026046,67,25,B
B-K01,B2026047,38,25,B
B-K01,B2026048,30,25,B
B-K01,B2026049,10,25,B
B-K01,B2026050,91,25,B
B-K02,B2026001,9,25,B
B-K02,B2026007,82,25,B
B-K02,B2026008,8,25,B
B-K02,B2026009,31,25,B
B-K02,B2026010,77,25,B
B-K02,B2026011,60,25,B
B-K02,B2026017,92,25,B
B-K02,B2026018,7,25,B
B-K02,B2026019,44,25,B
B-K02,B2026020,46,25,B
B-K02,B2026021,2,25,B
B-K02,B2026027,7,25,B
B-K02,B2026028,27,25,B
B-K02,B2026029,57,25,B
B-K02,B2026030,86,25,B
B-K02,B2026031,39,25,B
B-K02,B2026037,4,25,B
B-K02,B2026038,88,25,B
B-K02,B2026039,44,25,B
B-K02,B2026040,46,25,B
B-K02,B2026041,26,25,B
B-K02,B2026047,5,25,B
B-K02,B2026048,18,25,B
B-K02,B2026049,47,25,B
B-K02,B2026050,25,25,B
B-K03,B2026001,100,25,B
B-K03,B2026002,100,25,B
B-K03,B2026008,90,25,B
B-K03,B2026009,20,25,B
B-K03,B2026010,74,25,B
B-K03,B2026011,75,25,B
B-K03,B2026012,39,25,B
B-K03,B2026018,32,25,B
B-K03,B2026019,92,25,B
B-K03,B2026020,92,25,B
B-K03,B2026021,28,25,B
B-K03,B2026022,1,25,B
B-K03,B2026028,18,25,B
B-K03,B2026029,23,25,B
B-K03,B2026030,43,25,B
B-K03,B2026031,40,25,B
B-K03,B2026032,78,25,B
B-K03,B2026038,21,25,B
B-K03,B2026039,82,25,B
B-K03,B2026040,92,25,B
B-K03,B2026041,63,25,B
B-K03,B2026042,69,25,B
B-K03,B2026048,80,25,B
B-K03,B2026049,50,25,B
B-K03,B2026050,63,25,B
B-K04,B2026001,33,25,B
B-K04,B2026002,25,25,B
B-K04,B2026003,66,25,B
B-K04,B2026009,0,25,B
B-K04,B2026010,6,25,B
B-K04,B2026011,9,25,B
B-K04,B2026012,27,25,B
B-K04,B2026013,53,25,B
B-K04,B2026019,19,25,B
B-K04,B2026020,36,25,B
B-K04,B2026021,2,25,B
B-K04,B2026022,15,25,B
B-K04,B2026023,99,25,B
B-K04,B2026029,16,25,B
B-K04,B2026030,42,25,B
B-K04,B2026031,35,25,B
B-K04,B2026032,9,25,B
B-K04,B2026033,84,25,B
B-K04,B2026039,65,25,B
B-K04,B2026040,41,25,B
B-K04,B2026041,79,25,B
B-K04,B2026042,77,25,B
B-K04,B2026043,61,25,B
B-K04,B2026049,72,25,B
B-K04,B2026050,0,25,B
B-K05,B2026001,13,25,B
B-K05,B2026002,29,25,B
B-K05,B2026003,34,25,B
B-K05,B2026004,65,25,B
B-K05,B2026010,65,25,B
B-K05,B2026011,2,25,B
B-K05,B2026012,93,25,B
B-K05,B2026013,34,25,B
B-K05,B2026014,29,25,B
B-K05,B2026020,47,25,B
B-K05,B2026021,55,25,B
B-K05,B2026022,99,25,B
B-K05,B2026023,24,25,B
B-K05,B2026024,25,25,B
B-K05,B2026030,38,25,B
B-K05,B2026031,66,25,B
B-K05,B2026032,28,25,B
B-K05,B2026033,41,25,B
B-K05,B2026034,18,25,B
B-K05,B2026040,96,25,B
B-K05,B2026041,67,25,B
B-K05,B2026042,59,25,B
B-K05,B2026043,75,25,B
B-K05,B2026044,54,25,B
B-K05,B2026050,68,25,B
B-K06,B2026001,59,25,B
B-K06,B2026002,49,25,B
B-K06,B2026003,83,25,B
B-K06,B2026004,52,25,B
B-K06,B2026005,44,25,B
B-K06,B2026011,100,25,B
B-K06,B2026012,22,25,B
B-K06,B2026013,45,25,B
B-K06,B2026014,80,25,B
B-K06,B2026015,70,25,B
B-K06,B2026021,73,25,B
B-K06,B2026022,66,25,B
B-K06,B2026023,22,25,B
B-K06,B2026024,49,25,B
B-K06,B2026025,15,25,B
B-K06,B2026031,16,25,B
B-K06,B2026032,32,25,B
B-K06,B2026033,81,25,B
B-K06,B2026034,43,25,B
B-K06,B2026035,57,25,B
B-K06,B2026041,81,25,B
B-K06,B2026042,34,25,B
B-K06,B2026043,92,25,B
B-K06,B2026044,44,25,B
B-K06,B2026045,84,25,B
B-K07,B2026002,27,25,B
B-K07,B2026003,28,25,B
B-K07,B2026004,92,25,B
B-K07,B2026005,12,25,B
B-K07,B2026006,67,25,B
B-K07,B2026012,34,25,B
B-K07,B2026013,5,25,B
B-K07,B2026014,84,25,B
B-K07,B2026015,90,25,B
B-K07,B2026016,88,25,B
B-K07,B2026022,48,25,B
B-K07,B2026023,22,25,B
B-K07,B2026024,78,25,B
B-K07,B2026025,69,25,B
B-K07,B2026026,9,25,B
B-K07,B2026032,19,25,B
B-K07,B2026033,74,25,B
B-K07,B2026034,8,25,B
B-K07,B2026035,3,25,B
B-K07,B2026036,33,25,B
B-K07,B2026042,62,25,B
B-K07,B2026043,88,25,B
B-K07,B2026044,7,25,B
B-K07,B2026045,52,25,B
B-K07,B2026046,99,25,B
B-K08,B2026003,36,25,B
B-K08,B2026004,96,25,B
B-K08,B2026005,14,25,B
B-K08,B2026006,88,25,B
B-K08,B2026007,47,25,B
B-K08,B2026013,19,25,B
B-K08,B2026014,63,25,B
B-K08,B2026015,54,25,B
B-K08,B2026016,3,25,B
B-K08,B2026017,12,25,B
B-K08,B2026023,20,25,B
B-K08,B2026024,4,25,B
B-K08,B2026025,24,25,B
B-K08,B2026026,91,25,B
B-K08,B2026027,61,25,B
B-K08,B2026033,81,25,B
B-K08,B2026034,39,25,B
B-K08,B2026035,26,25,B
B-K08,B2026036,21,25,B
B-K08,B2026037,24,25,B
B-K08,B2026043,56,25,B
B-K08,B2026044,32,25,B
B-K08,B2026045,93,25,B
B-K08,B2026046,65,25,B
B-K08,B2026047,24,25,B
B-K09,B2026004,44,25,B
B-K09,B2026005,74,25,B
B-K09,B2026006,61,25,B
B-K09,B2026007,78,25,B
B-K09,B2026008,28,25,B
B-K09,B2026014,28,25,B
B-K09,B2026015,85,25,B
B-K09,B2026016,61,25,B
B-K09,B2026017,82,25,B
B-K09,B2026018,72,25,B
B-K09,B2026024,35,25,B
B-K09,B2026025,90,25,B
B-K09,B2026026,16,25,B
B-K09,B2026027,81,25,B
B-K09,B2026028,66,25,B
B-K09,B2026034,51,25,B
B-K09,B2026035,88,25,B
B-K09,B2026036,59,25,B
B-K09,B2026037,70,25,B
B-K09,B2026038,56,25,B
B-K09,B2026044,83,25,B
B-K09,B2026045,83,25,B
B-K09,B2026046,44,25,B
B-K09,B2026047,40,25,B
B-K09,B2026048,66,25,B
B-K10,B2026005,7,25,B
B-K10,B2026006,85,25,B
B-K10,B2026007,66,25,B
B-K10,B2026008,48,25,B
B-K10,B2026009,34,25,B
B-K10,B2026015,75,25,B
B-K10,B2026016,47,25,B
B-K10,B2026017,79,25,B
B-K10,B2026018,45,25,B
B-K10,B2026019,57,25,B
B-K10,B2026025,15,25,B
B-K10,B2026026,48,25,B
B-K10,B2026027,75,25,B
B-K10,B2026028,4,25,B
B-K10,B2026029,53,25,B
B-K10,B2026035,28,25,B
B-K10,B2026036,31,25,B
B-K10,B2026037,41,25,B
B-K10,B2026038,57,25,B
B-K10,B2026039,42,25,B
B-K10,B2026045,0,25,B
B-K10,B2026046,21,25,B
B-K10,B2026047,82,25,B
B-K10,B2026048,27,25,B
B-K10,B2026049,0,25,B
C-M01,C2026006,44,25,C
C-M01,C2026007,28,25,C
C-M01,C2026008,55,25,C
C-M01,C2026009,11,25,C
C-M01,C2026010,42,25,C
C-M01,C2026016,64,25,C
C-M01,C2026017,17,25,C
C-M01,C2026018,84,25,C
C-M01,C2026019,19,25,C
C-M01,C2026020,8,25,C
C-M01,C2026026,26,25,C
C-M01,C2026027,33,25,C
C-M01,C2026028,10,25,C
C-M01,C2026029,44,25,C
C-M01,C2026030,12,25,C
C-M01,C2026036,12,25,C
C-M01,C2026037,38,25,C
C-M01,C2026038,43,25,C
C-M01,C2026039,25,25,C
C-M01,C2026040,25,25,C
C-M01,C2026046,45,25,C
C-M01,C2026047,15,25,C
C-M01,C2026048,94,25,C
C-M01,C2026049,41,25,C
C-M01,C2026050,36,25,C
C-M02,C2026001,6,25,C
C-M02,C2026007,74,25,C
C-M02,C2026008,96,25,C
C-M02,C2026009,51,25,C
C-M02,C2026010,61,25,C
C-M02,C2026011,81,25,C
C-M02,C2026017,93,25,C
C-M02,C2026018,1,25,C
C-M02,C2026019,41,25,C
C-M02,C2026020,25,25,C
C-M02,C2026021,84,25,C
C-M02,C2026027,1,25,C
C-M02,C2026028,28,25,C
C-M02,C2026029,29,25,C
C-M02,C2026030,51,25,C
C-M02,C2026031,63,25,C
C-M02,C2026037,75,25,C
C-M02,C2026038,98,25,C
C-M02,C2026039,13,25,C
C-M02,C2026040,33,25,C
C-M02,C2026041,51,25,C
C-M02,C2026047,70,25,C
C-M02,C2026048,69,25,C
C-M02,C2026049,5,25,C
C-M02,C2026050,84,25,C
C-M03,C2026001,50,25,C
C-M03,C2026002,36,25,C
C-M03,C2026008,23,25,C
C-M03,C2026009,52,25,C
C-M03,C2026010,9,25,C
C-M03,C2026011,83,25,C
C-M03,C2026012,13,25,C
C-M03,C2026018,59,25,C
C-M03,C2026019,61,25,C
C-M03,C2026020,90,25,C
C-M03,C2026021,4,25,C
C-M03,C2026022,9,25,C
C-M03,C2026028,96,25,C
C-M03,C2026029,59,25,C
C-M03,C2026030,83,25,C
C-M03,C2026031,30,25,C
C-M03,C2026032,35,25,C
C-M03,C2026038,37,25,C
C-M03,C2026039,39,25,C
C-M03,C2026040,69,25,C
C-M03,C2026041,18,25,C
C-M03,C2026042,81,25,C
C-M03,C2026048,22,25,C
C-M03,C2026049,85,25,C
C-M03,C2026050,76,25,C
C-M04,C2026001,70,25,C
C-M04,C2026002,77,25,C
C-M04,C2026003,31,25,C
C-M04,C2026009,87,25,C
C-M04,C2026010,38,25,C
C-M04,C2026011,48,25,C
C-M04,C2026012,19,25,C
C-M04,C2026013,90,25,C
C-M04,C2026019,10,25,C
C-M04,C2026020,16,25,C
C-M04,C2026021,43,25,C
C-M04,C2026022,95,25,C
C-M04,C2026023,66,25,C
C-M04,C2026029,56,25,C
C-M04,C2026030,77,25,C
C-M04,C2026031,58,25,C
C-M04,C2026032,24,25,C
C-M04,C2026033,65,25,C
C-M04,C2026039,11,25,C
C-M04,C2026040,50,25,C
C-M04,C2026041,0,25,C
C-M04,C2026042,75,25,C
C-M04,C2026043,58,25,C
C-M04,C2026049,16,25,C
C-M04,C2026050,69,25,C
C-M05,C2026001,21,25,C
C-M05,C2026002,0,25,C
C-M05,C2026003,69,25,C
C-M05,C2026004,77,25,C
C-M05,C2026010,27,25,C
C-M05,C2026011,49,25,C
C-M05,C2026012,85,25,C
C-M05,C2026013,47,25,C
C-M05,C2026014,59,25,C
C-M05,C2026020,55,25,C
C-M05,C2026021,61,25,C
C-M05,C2026022,25,25,C
C-M05,C2026023,25,25,C
C-M05,C2026024,18,25,C
C-M05,C2026030,33,25,C
C-M05,C2026031,84,25,C
C-M05,C2026032,90,25,C
C-M05,C2026033,85,25,C
C-M05,C2026034,45,25,C
C-M05,C2026040,24,25,C
C-M05,C2026041,24,25,C
C-M05,C2026042,59,25,C
C-M05,C2026043,60,25,C
C-M05,C2026044,66,25,C
C-M05,C2026050,12,25,C
C-M06,C2026001,51,25,C
C-M06,C2026002,30,25,C
C-M06,C2026003,81,25,C
C-M06,C2026004,99,25,C
C-M06,C2026005,30,25,C
C-M06,C2026011,28,25,C
C-M06,C2026012,48,25,C
C-M06,C2026013,21,25,C
C-M06,C2026014,78,25,C
C-M06,C2026015,60,25,C
C-M06,C2026021,31,25,C
C-M06,C2026022,33,25,C
C-M06,C2026023,89,25,C
C-M06,C2026024,41,25,C
C-M06,C2026025,55,25,C
C-M06,C2026031,86,25,C
C-M06,C2026032,76,25,C
C-M06,C2026033,16,25,C
C-M06,C2026034,16,25,C
C-M06,C2026035,15,25,C
C-M06,C2026041,76,25,C
C-M06,C2026042,86,25,C
C-M06,C2026043,70,25,C
C-M06,C2026044,47,25,C
C-M06,C2026045,96,25,C
C-M07,C2026002,83,25,C
C-M07,C2026003,64,25,C
C-M07,C2026004,89,25,C
C-M07,C2026005,33,25,C
C-M07,C2026006,79,25,C
C-M07,C2026012,57,25,C
C-M07,C2026013,38,25,C
C-M07,C2026014,54,25,C
C-M07,C2026015,26,25,C
C-M07,C2026016,25,25,C
C-M07,C2026022,1,25,C
C-M07,C2026023,33,25,C
C-M07,C2026024,79,25,C
C-M07,C2026025,97,25,C
C-M07,C2026026,18,25,C
C-M07,C2026032,32,25,C
C-M07,C2026033,57,25,C
C-M07,C2026034,69,25,C
C-M07,C2026035,39,25,C
C-M07,C2026036,52,25,C
C-M07,C2026042,2,25,C
C-M07,C2026043,70,25,C
C-M07,C2026044,81,25,C
C-M07,C2026045,64,25,C
C-M07,C2026046,27,25,C
C-M08,C2026003,7,25,C
C-M08,C2026004,66,25,C
C-M08,C2026005,4,25,C
C-M08,C2026006,74,25,C
C-M08,C2026007,30,25,C
C-M08,C2026013,20,25,C
C-M08,C2026014,34,25,C
C-M08,C2026015,46,25,C
C-M08,C2026016,30,25,C
C-M08,C2026017,78,25,C
C-M08,C2026023,63,25,C
C-M08,C2026024,69,25,C
C-M08,C2026025,86,25,C
C-M08,C2026026,67,25,C
C-M08,C2026027,53,25,C
C-M08,C2026033,43,25,C
C-M08,C2026034,71,25,C
C-M08,C2026035,72,25,C
C-M08,C2026036,53,25,C
C-M08,C2026037,51,25,C
C-M08,C2026043,48,25,C
C-M08,C2026044,21,25,C
C-M08,C2026045,17,25,C
C-M08,C2026046,50,25,C
C-M08,C2026047,91,25,C
C-M09,C2026004,44,25,C
C-M09,C2026005,19,25,C
C-M09,C2026006,89,25,C
C-M09,C2026007,51,25,C
C-M09,C2026008,79,25,C
C-M09,C2026014,47,25,C
C-M09,C2026015,7,25,C
C-M09,C2026016,49,25,C
C-M09,C2026017,78,25,C
C-M09,C2026018,22,25,C
C-M09,C2026024,65,25,C
C-M09,C2026025,45,25,C
C-M09,C2026026,20,25,C
C-M09,C2026027,47,25,C
C-M09,C2026028,5,25,C
C-M09,C2026034,12,25,C
C-M09,C2026035,97,25,C
C-M09,C2026036,37,25,C
C-M09,C2026037,78,25,C
C-M09,C2026038,72,25,C
C-M09,C2026044,52,25,C
C-M09,C2026045,85,25,C
C-M09,C2026046,87,25,C
C-M09,C2026047,76,25,C
C-M09,C2026048,26,25,C
C-M10,C2026005,14,25,C
C-M10,C2026006,16,25,C
C-M10,C2026007,90,25,C
C-M10,C2026008,57,25,C
C-M10,C2026009,93,25,C
C-M10,C2026015,88,25,C
C-M10,C2026016,12,25,C
C-M10,C2026017,8,25,C
C-M10,C2026018,15,25,C
C-M10,C2026019,66,25,C
C-M10,C2026025,85,25,C
C-M10,C2026026,60,25,C
C-M10,C2026027,41,25,C
C-M10,C2026028,74,25,C
C-M10,C2026029,13,25,C
C-M10,C2026035,84,25,C
C-M10,C2026036,77,25,C
C-M10,C2026037,61,25,C
C-M10,C2026038,81,25,C
C-M10,C2026039,63,25,C
C-M10,C2026045,35,25,C
C-M10,C2026046,75,25,C
C-M10,C2026047,13,25,C
C-M10,C2026048,95,25,C
C-M10,C2026049,89,25,C
A_C001,S002,,27,A
A_C001,S003,,27,A
A_C001,S007,71,27,A
A_C001,S009,86,27,A
A_C001,S010,,27,A
A_C001,S011,92,27,A
A_C001,S013,,27,A
A_C001,S014,,27,A
A_C001,S017,,27,A
A_C001,S018,,27,A
A_C001,S020,,27,A
A_C001,S021,,27,A
A_C001,S023,,27,A
A_C001,S024,96,27,A
A_C001,S025,82,27,A
A_C001,S032,,27,A
A_C001,S034,,27,A
A_C001,S040,,27,A
A_C001,S042,,27,A
A_C001,S045,95,27,A
A_C001,S046,,27,A
A_C001,S047,87,27,A
A_C001,S048,,27,A
A_C001,S049,,27,A
A_C001,S050,66,27,A
A_C002,S001,,27,A
A_C002,S005,87,27,A
A_C002,S006,,27,A
A_C002,S009,,27,A
A_C002,S014,,27,A
A_C002,S015,80,27,A
A_C002,S016,75,27,A
A_C002,S017,,27,A
A_C002,S020,,27,A
A_C002,S022,,27,A
A_C002,S023,77,27,A
A_C002,S024,,27,A
A_C002,S027,,27,A
A_C002,S031,,27,A
A_C002,S034,,27,A
A_C002,S035,,27,A
A_C002,S037,,27,A
A_C002,S038,92,27,A
A_C002,S040,78,27,A
A_C002,S042,66,27,A
A_C002,S049,,27,A
A_C002,S050,,27,A
A_C003,S004,,27,A
A_C003,S008,70,27,A
A_C003,S009,,27,A
A_C003,S010,98,27,A
A_C003,S012,97,27,A
A_C003,S014,,27,A
A_C003,S015,,27,A
A_C003,S017,81,27,A
A_C003,S019,,27,A
A_C003,S021,,27,A
A_C003,S025,,27,A
A_C003,S029,,27,A
A_C003,S030,,27,A
A_C003,S033,,27,A
A_C003,S036,83,27,A
A_C003,S037,,27,A
A_C003,S038,94,27,A
A_C003,S039,98,27,A
A_C003,S040,,27,A
A_C003,S044,,27,A
A_C003,S045,61,27,A
A_C003,S049,,27,A
A_C004,S001,61,27,A
A_C004,S003,66,27,A
A_C004,S004,,27,A
A_C004,S005,,27,A
A_C004,S008,64,27,A
A_C004,S013,,27,A
A_C004,S017,84,27,A
A_C004,S018,73,27,A
A_C004,S019,,27,A
A_C004,S023,77,27,A
A_C004,S027,,27,A
A_C004,S028,64,27,A
A_C004,S030,79,27,A
A_C004,S033,,27,A
A_C004,S034,86,27,A
A_C004,S035,80,27,A
A_C004,S037,80,27,A
A_C004,S039,93,27,A
A_C004,S041,,27,A
A_C004,S042,,27,A
A_C004,S043,,27,A
A_C004,S044,70,27,A
A_C004,S046,97,27,A
A_C004,S047,62,27,A
A_C004,S050,,27,A
A_C005,S002,60,27,A
A_C005,S003,65,27,A
A_C005,S004,,27,A
A_C005,S006,76,27,A
A_C005,S007,,27,A
A_C005,S008,,27,A
A_C005,S011,,27,A
A_C005,S012,,27,A
A_C005,S015,,27,A
A_C005,S020,,27,A
A_C005,S021,,27,A
A_C005,S022,,27,A
A_C005,S023,,27,A
A_C005,S027,67,27,A
A_C005,S028,,27,A
A_C005,S029,81,27,A
A_C005,S030,,27,A
A_C005,S031,76,27,A
A_C005,S032,,27,A
A_C005,S033,,27,A
A_C005,S034,95,27,A
A_C005,S035,,27,A
A_C005,S037,,27,A
A_C005,S039,,27,A
A_C005,S042,94,27,A
A_C005,S045,,27,A
A_C005,S046,96,27,A
A_C005,S047,76,27,A
A_C005,S048,90,27,A
A_C005,S049,,27,A
A_C005,S050,,27,A
A_C006,S001,,27,A
A_C006,S002,,27,A
A_C006,S005,,27,A
A_C006,S007,,27,A
A_C006,S010,,27,A
A_C006,S012,,27,A
A_C006,S013,,27,A
A_C006,S014,,27,A
A_C006,S015,,27,A
A_C006,S016,98,27,A
A_C006,S018,,27,A
A_C006,S022,75,27,A
A_C006,S025,,27,A
A_C006,S026,,27,A
A_C006,S027,,27,A
A_C006,S028,76,27,A
A_C006,S029,,27,A
A_C006,S031,70,27,A
A_C006,S032,78,27,A
A_C006,S036,,27,A
A_C006,S040,96,27,A
A_C006,S043,80,27,A
A_C006,S044,68,27,A
A_C006,S047,,27,A
A_C007,S001,73,27,A
A_C007,S002,63,27,A
A_C007,S005,,27,A
A_C007,S009,,27,A
A_C007,S011,,27,A
A_C007,S017,62,27,A
A_C007,S018,98,27,A
A_C007,S020,78,27,A
A_C007,S023,82,27,A
A_C007,S026,80,27,A
A_C007,S029,,27,A
A_C007,S030,70,27,A
A_C007,S032,,27,A
A_C007,S036,,27,A
A_C007,S041,79,27,A
A_C007,S042,,27,A
A_C007,S043,68,27,A
A_C007,S046,,27,A
A_C007,S048,96,27,A
A_C008,S002,82,27,A
A_C008,S003,,27,A
A_C008,S004,,27,A
A_C008,S006,,27,A
A_C008,S011,90,27,A
A_C008,S012,78,27,A
A_C008,S016,,27,A
A_C008,S018,81,27,A
A_C008,S019,,27,A
A_C008,S021,64,27,A
A_C008,S022,,27,A
A_C008,S024,,27,A
A_C008,S025,,27,A
A_C008,S026,77,27,A
A_C008,S029,,27,A
A_C008,S033,,27,A
A_C008,S034,,27,A
A_C008,S036,,27,A
A_C008,S037,,27,A
A_C008,S038,,27,A
A_C008,S039,,27,A
A_C008,S041,,27,A
A_C008,S043,63,27,A
A_C008,S044,,27,A
A_C008,S045,87,27,A
A_C008,S050,,27,A
A_C009,S003,,27,A
A_C009,S004,69,27,A
A_C009,S006,70,27,A
A_C009,S007,,27,A
A_C009,S008,,27,A
A_C009,S010,,27,A
A_C009,S012,,27,A
A_C009,S013,84,27,A
A_C009,S015,70,27,A
A_C009,S016,,27,A
A_C009,S019,,27,A
A_C009,S020,60,27,A
A_C009,S024,81,27,A
A_C009,S025,,27,A
A_C009,S026,,27,A
A_C009,S028,77,27,A
A_C009,S031,,27,A
A_C009,S032,97,27,A
A_C009,S033,72,27,A
A_C009,S035,74,27,A
A_C009,S036,96,27,A
A_C009,S038,,27,A
A_C009,S040,,27,A
A_C009,S041,83,27,A
A_C009,S045,,27,A
A_C009,S048,84,27,A
A_C010,S001,,27,A
A_C010,S005,,27,A
A_C010,S006,,27,A
A_C010,S007,,27,A
A_C010,S008,71,27,A
A_C010,S009,,27,A
A_C010,S010,,27,A
A_C010,S011,,27,A
A_C010,S013,,27,A
A_C010,S014,62,27,A
A_C010,S016,89,27,A
A_C010,S019,78,27,A
A_C010,S021,61,27,A
A_C010,S022,,27,A
A_C010,S024,,27,A
A_C010,S026,90,27,A
A_C010,S027,89,27,A
A_C010,S028,,27,A
A_C010,S030,,27,A
A_C010,S031,73,27,A
A_C010,S035,,27,A
A_C010,S038,66,27,A
A_C010,S039,93,27,A
A_C010,S041,60,27,A
A_C010,S043,,27,A
A_C010,S044,,27,A
A_C010,S046,,27,A
A_C010,S047,,27,A
A_C010,S048,,27,A
A_C010,S049,67,27,A
B_C001,B2023001,,27,B
B_C001,B2023005,81,27,B
B_C001,B2023006,62,27,B
B_C001,B2023009,67,27,B
B_C001,B2023010,94,27,B
B_C001,B2023011,80,27,B
B_C001,B2023012,69,27,B
B_C001,B2023013,88,27,B
B_C001,B2023014,72,27,B
B_C001,B2023018,74,27,B
B_C001,B2023019,68,27,B
B_C001,B2023023,63,27,B
B_C001,B2023024,75,27,B
B_C001,B2023026,62,27,B
B_C001,B2023028,62,27,B
B_C001,B2023029,80,27,B
B_C001,B2023031,93,27,B
B_C001,B2023032,93,27,B
B_C001,B2023033,80,27,B
B_C001,B2023035,66,27,B
B_C001,B2023036,72,27,B
B_C001,B2023037,82,27,B
B_C001,B2023038,89,27,B
B_C001,B2023039,69,27,B
B_C001,B2023043,72,27,B
B_C001,B2023045,96,27,B
B_C001,B2023048,96,27,B
B_C001,B2023050,71,27,B
B_C002,B2023002,68,27,B
B_C002,B2023008,82,27,B
B_C002,B2023009,76,27,B
B_C002,B2023010,60,27,B
B_C002,B2023011,93,27,B
B_C002,B2023020,91,27,B
B_C002,B2023023,73,27,B
B_C002,B2023024,69,27,B
B_C002,B2023025,91,27,B
B_C002,B2023027,90,27,B
B_C002,B2023030,75,27,B
B_C002,B2023031,63,27,B
B_C002,B2023032,97,27,B
B_C002,B2023034,82,27,B
B_C002,B2023037,85,27,B
B_C002,B2023039,77,27,B
B_C002,B2023041,63,27,B
B_C002,B2023042,62,27,B
B_C002,B2023043,89,27,B
B_C002,B2023044,84,27,B
B_C002,B2023045,90,27,B
B_C002,B2023046,76,27,B
B_C002,B2023048,97,27,B
B_C003,B2023002,64,27,B
B_C003,B2023003,77,27,B
B_C003,B2023004,77,27,B
B_C003,B2023006,88,27,B
B_C003,B2023007,89,27,B
B_C003,B2023009,97,27,B
B_C003,B2023010,60,27,B
B_C003,B2023011,64,27,B
B_C003,B2023012,87,27,B
B_C003,B2023013,84,27,B
B_C003,B2023015,95,27,B
B_C003,B2023016,83,27,B
B_C003,B2023017,83,27,B
B_C003,B2023020,65,27,B
B_C003,B2023021,77,27,B
B_C003,B2023022,98,27,B
B_C003,B2023023,60,27,B
B_C003,B2023024,74,27,B
B_C003,B2023026,60,27,B
B_C003,B2023028,71,27,B
B_C003,B2023029,86,27,B
B_C003,B2023030,86,27,B
B_C003,B2023038,64,27,B
B_C003,B2023040,97,27,B
B_C003,B2023041,70,27,B
B_C003,B2023044,66,27,B
B_C003,B2023045,93,27,B
B_C003,B2023048,64,27,B
B_C003,B2023049,93,27,B
B_C003,B2023050,90,27,B
B_C004,B2023001,91,27,B
B_C004,B2023002,84,27,B
B_C004,B2023005,90,27,B
B_C004,B2023006,61,27,B
B_C004,B2023010,67,27,B
B_C004,B2023016,86,27,B
B_C004,B2023019,82,27,B
B_C004,B2023021,81,27,B
B_C004,B2023023,82,27,B
B_C004,B2023024,66,27,B
B_C004,B2023025,66,27,B
B_C004,B2023027,77,27,B
B_C004,B2023030,98,27,B
B_C004,B2023031,71,27,B
B_C004,B2023032,75,27,B
B_C004,B2023035,61,27,B
B_C004,B2023037,63,27,B
B_C004,B2023044,67,27,B
B_C004,B2023046,73,27,B
B_C004,B2023047,97,27,B
B_C004,B2023050,63,27,B
B_C005,B2023001,83,27,B
B_C005,B2023002,93,27,B
B_C005,B2023003,75,27,B
B_C005,B2023004,97,27,B
B_C005,B2023007,65,27,B
B_C005,B2023011,81,27,B
B_C005,B2023015,72,27,B
B_C005,B2023019,83,27,B
B_C005,B2023022,77,27,B
B_C005,B2023026,95,27,B
B_C005,B2023027,83,27,B
B_C005,B2023028,95,27,B
B_C005,B2023029,89,27,B
B_C005,B2023030,80,27,B
B_C005,B2023031,64,27,B
B_C005,B2023033,82,27,B
B_C005,B2023034,66,27,B
B_C005,B2023035,65,27,B
B_C005,B2023036,70,27,B
B_C005,B2023038,80,27,B
B_C005,B2023039,82,27,B
B_C005,B2023040,79,27,B
B_C005,B2023041,93,27,B
B_C005,B2023044,87,27,B
B_C005,B2023047,86,27,B
B_C005,B2023048,69,27,B
B_C005,B2023049,85,27,B
B_C005,B2023050,60,27,B
B_C006,B2023003,69,27,B
B_C006,B2023004,68,27,B
B_C006,B2023005,94,27,B
B_C006,B2023007,82,27,B
B_C006,B2023008,92,27,B
B_C006,B2023014,85,27,B
B_C006,B2023016,98,27,B
B_C006,B2023017,80,27,B
B_C006,B2023018,92,27,B
B_C006,B2023020,90,27,B
B_C006,B2023021,61,27,B
B_C006,B2023022,67,27,B
B_C006,B2023025,61,27,B
B_C006,B2023026,94,27,B
B_C006,B2023028,62,27,B
B_C006,B2023029,81,27,B
B_C006,B2023033,89,27,B
B_C006,B2023036,86,27,B
B_C006,B2023038,84,27,B
B_C006,B2023040,74,27,B
B_C006,B2023042,80,27,B
B_C006,B2023045,97,27,B
B_C006,B2023047,79,27,B
B_C007,B2023001,78,27,B
B_C007,B2023004,76,27,B
B_C007,B2023005,88,27,B
B_C007,B2023007,86,27,B
B_C007,B2023012,92,27,B
B_C007,B2023013,81,27,B
B_C007,B2023016,62,27,B
B_C007,B2023017,84,27,B
B_C007,B2023018,66,27,B
B_C007,B2023021,77,27,B
B_C007,B2023022,68,27,B
B_C007,B2023025,82,27,B
B_C007,B2023032,93,27,B
B_C007,B2023033,86,27,B
B_C007,B2023034,85,27,B
B_C007,B2023035,65,27,B
B_C007,B2023037,92,27,B
B_C007,B2023041,91,27,B
B_C007,B2023042,74,27,B
B_C007,B2023043,82,27,B
B_C007,B2023046,67,27,B
B_C007,B2023047,95,27,B
B_C007,B2023049,67,27,B
B_C007,B2023050,97,27,B
B_C008,B2023001,83,27,B
B_C008,B2023003,61,27,B
B_C008,B2023005,72,27,B
B_C008,B2023006,76,27,B
B_C008,B2023007,90,27,B
B_C008,B2023008,66,27,B
B_C008,B2023010,66,27,B
B_C008,B2023012,62,27,B
B_C008,B2023014,77,27,B
B_C008,B2023015,90,27,B
B_C008,B2023017,67,27,B
B_C008,B2023018,84,27,B
B_C008,B2023019,89,27,B
B_C008,B2023020,74,27,B
B_C008,B2023024,97,27,B
B_C008,B2023029,95,27,B
B_C008,B2023036,62,27,B
B_C008,B2023041,66,27,B
B_C008,B2023044,82,27,B
B_C008,B2023046,91,27,B
B_C008,B2023048,64,27,B
B_C009,B2023002,72,27,B
B_C009,B2023003,72,27,B
B_C009,B2023008,70,27,B
B_C009,B2023009,78,27,B
B_C009,B2023011,94,27,B
B_C009,B2023012,72,27,B
B_C009,B2023013,75,27,B
B_C009,B2023014,90,27,B
B_C009,B2023015,84,27,B
B_C009,B2023016,67,27,B
B_C009,B2023017,64,27,B
B_C009,B2023021,68,27,B
B_C009,B2023022,91,27,B
B_C009,B2023027,94,27,B
B_C009,B2023030,73,27,B
B_C009,B2023031,76,27,B
B_C009,B2023034,87,27,B
B_C009,B2023037,94,27,B
B_C009,B2023038,61,27,B
B_C009,B2023039,89,27,B
B_C009,B2023040,71,27,B
B_C009,B2023042,62,27,B
B_C009,B2023043,77,27,B
B_C009,B2023046,97,27,B
B_C009,B2023049,62,27,B
B_C010,B2023004,76,27,B
B_C010,B2023006,91,27,B
B_C010,B2023008,87,27,B
B_C010,B2023009,92,27,B
B_C010,B2023013,78,27,B
B_C010,B2023014,86,27,B
B_C010,B2023015,72,27,B
B_C010,B2023018,86,27,B
B_C010,B2023019,61,27,B
B_C010,B2023020,83,27,B
B_C010,B2023023,74,27,B
B_C010,B2023025,77,27,B
B_C010,B2023026,92,27,B
B_C010,B2023027,75,27,B
B_C010,B2023028,94,27,B
B_C010,B2023032,70,27,B
B_C010,B2023033,66,27,B
B_C010,B2023034,78,27,B
B_C010,B2023035,72,27,B
B_C010,B2023036,88,27,B
B_C010,B2023039,74,27,B
B_C010,B2023040,63,27,B
B_C010,B2023042,75,27,B
B_C010,B2023043,74,27,B
B_C010,B2023045,97,27,B
B_C010,B2023047,88,27,B
B_C010,B2023049,81,27,B
C_C001,1003,73,27,C
C_C001,1004,76,27,C
C_C001,1006,66,27,C
C_C001,1008,63,27,C
C_C001,1009,60,27,C
C_C001,1013,82,27,C
C_C001,1018,87,27,C
C_C001,1022,81,27,C
C_C001,1023,64,27,C
C_C001,1025,85,27,C
C_C001,1026,93,27,C
C_C001,1027,68,27,C
C_C001,1028,91,27,C
C_C001,1030,60,27,C
C_C001,1031,93,27,C
C_C001,1032,63,27,C
C_C001,1035,97,27,C
C_C001,1038,65,27,C
C_C001,1039,87,27,C
C_C001,1042,92,27,C
C_C001,1045,63,27,C
C_C001,1046,64,27,C
C_C001,1047,80,27,C
C_C002,1002,79,27,C
C_C002,1003,90,27,C
C_C002,1004,96,27,C
C_C002,1006,93,27,C
C_C002,1007,75,27,C
C_C002,1009,99,27,C
C_C002,1010,60,27,C
C_C002,1011,83,27,C
C_C002,1013,75,27,C
C_C002,1020,92,27,C
C_C002,1022,94,27,C
C_C002,1024,70,27,C
C_C002,1025,96,27,C
C_C002,1027,78,27,C
C_C002,1034,77,27,C
C_C002,1035,95,27,C
C_C002,1036,90,27,C
C_C002,1037,64,27,C
C_C002,1039,72,27,C
C_C002,1040,76,27,C
C_C002,1042,69,27,C
C_C002,1043,93,27,C
C_C002,1044,82,27,C
C_C002,1046,61,27,C
C_C002,1047,71,27,C
C_C002,1049,92,27,C
C_C003,1001,69,27,C
C_C003,1002,60,27,C
C_C003,1005,74,27,C
C_C003,1010,74,27,C
C_C003,1011,89,27,C
C_C003,1013,69,27,C
C_C003,1014,70,27,C
C_C003,1015,71,27,C
C_C003,1016,68,27,C
C_C003,1017,72,27,C
C_C003,1019,80,27,C
C_C003,1020,74,27,C
C_C003,1021,65,27,C
C_C003,1023,72,27,C
C_C003,1030,89,27,C
C_C003,1033,84,27,C
C_C003,1034,76,27,C
C_C003,1039,84,27,C
C_C003,1040,100,27,C
C_C003,1041,75,27,C
C_C003,1049,85,27,C
C_C003,1050,73,27,C
C_C004,1002,64,27,C
C_C004,1003,66,27,C
C_C004,1005,89,27,C
C_C004,1010,92,27,C
C_C004,1011,70,27,C
C_C004,1017,93,27,C
C_C004,1018,95,27,C
C_C004,1019,78,27,C
C_C004,1024,75,27,C
C_C004,1026,85,27,C
C_C004,1028,63,27,C
C_C004,1029,68,27,C
C_C004,1030,78,27,C
C_C004,1031,71,27,C
C_C004,1032,69,27,C
C_C004,1033,85,27,C
C_C004,1034,65,27,C
C_C004,1037,68,27,C
C_C004,1041,88,27,C
C_C004,1043,87,27,C
C_C004,1046,98,27,C
C_C004,1050,98,27,C
C_C005,1001,,27,C
C_C005,1004,97,27,C
C_C005,1005,89,27,C
C_C005,1006,70,27,C
C_C005,1007,73,27,C
C_C005,1008,88,27,C
C_C005,1009,83,27,C
C_C005,1012,64,27,C
C_C005,1015,71,27,C
C_C005,1017,98,27,C
C_C005,1018,69,27,C
C_C005,1025,79,27,C
C_C005,1029,69,27,C
C_C005,1032,79,27,C
C_C005,1033,93,27,C
C_C005,1036,74,27,C
C_C005,1037,60,27,C
C_C005,1042,69,27,C
C_C005,1044,70,27,C
C_C005,1045,69,27,C
C_C005,1047,72,27,C
C_C005,1048,77,27,C
C_C005,1049,92,27,C
C_C005,1050,73,27,C
C_C006,1001,73,27,C
C_C006,1002,75,27,C
C_C006,1005,97,27,C
C_C006,1009,81,27,C
C_C006,1010,88,27,C
C_C006,1012,85,27,C
C_C006,1015,60,27,C
C_C006,1016,97,27,C
C_C006,1019,95,27,C
C_C006,1020,64,27,C
C_C006,1021,72,27,C
C_C006,1022,76,27,C
C_C006,1023,87,27,C
C_C006,1024,82,27,C
C_C006,1026,67,27,C
C_C006,1027,92,27,C
C_C006,1028,68,27,C
C_C006,1030,61,27,C
C_C006,1031,85,27,C
C_C006,1034,63,27,C
C_C006,1035,86,27,C
C_C006,1036,66,27,C
C_C006,1037,76,27,C
C_C006,1040,98,27,C
C_C006,1041,72,27,C
C_C006,1042,99,27,C
C_C006,1043,68,27,C
C_C006,1048,84,27,C
C_C006,1050,72,27,C
C_C007,1001,66,27,C
C_C007,1002,72,27,C
C_C007,1003,100,27,C
C_C007,1007,69,27,C
C_C007,1008,91,27,C
C_C007,1013,71,27,C
C_C007,1014,81,27,C
C_C007,1016,87,27,C
C_C007,1017,79,27,C
C_C007,1019,76,27,C
C_C007,1021,62,27,C
C_C007,1022,66,27,C
C_C007,1023,65,27,C
C_C007,1024,94,27,C
C_C007,1025,61,27,C
C_C007,1029,94,27,C
C_C007,1030,80,27,C
C_C007,1031,79,27,C
C_C007,1033,87,27,C
C_C007,1034,89,27,C
C_C007,1036,68,27,C
C_C007,1038,62,27,C
C_C007,1042,63,27,C
C_C007,1044,73,27,C
C_C007,1045,82,27,C
C_C007,1046,72,27,C
C_C007,1047,82,27,C
C_C007,1048,70,27,C
C_C008,1001,76,27,C
C_C008,1004,78,27,C
C_C008,1005,86,27,C
C_C008,1006,64,27,C
C_C008,1007,74,27,C
C_C008,1009,94,27,C
C_C008,1010,90,27,C
C_C008,1011,61,27,C
C_C008,1012,78,27,C
C_C008,1014,91,27,C
C_C008,1015,99,27,C
C_C008,1018,79,27,C
C_C008,1020,78,27,C
C_C008,1021,75,27,C
C_C008,1024,67,27,C
C_C008,1026,77,27,C
C_C008,1027,91,27,C
C_C008,1029,63,27,C
C_C008,1032,71,27,C
C_C008,1038,61,27,C
C_C008,1039,93,27,C
C_C008,1041,72,27,C
C_C008,1043,68,27,C
C_C008,1044,67,27,C
C_C008,1046,87,27,C
C_C008,1048,67,27,C
C_C008,1050,95,27,C
C_C009,1001,82,27,C
C_C009,1003,100,27,C
C_C009,1007,70,27,C
C_C009,1008,77,27,C
C_C009,1012,81,27,C
C_C009,1013,96,27,C
C_C009,1014,78,27,C
C_C009,1016,68,27,C
C_C009,1018,73,27,C
C_C009,1019,78,27,C
C_C009,1020,63,27,C
C_C009,1022,100,27,C
C_C009,1027,82,27,C
C_C009,1028,97,27,C
C_C009,1031,69,27,C
C_C009,1032,80,27,C
C_C009,1035,62,27,C
C_C009,1036,66,27,C
C_C009,1038,100,27,C
C_C009,1039,93,27,C
C_C009,1040,87,27,C
C_C009,1041,65,27,C
C_C009,1043,74,27,C
C_C009,1044,88,27,C
C_C009,1045,60,27,C
C_C009,1049,72,27,C
C_C010,1004,98,27,C
C_C010,1006,64,27,C
C_C010,1008,62,27,C
C_C010,1011,72,27,C
C_C010,1012,74,27,C
C_C010,1014,96,27,C
C_C010,1015,88,27,C
C_C010,1016,70,27,C
C_C010,1017,99,27,C
C_C010,1021,72,27,C
C_C010,1023,60,27,C
C_C010,1025,90,27,C
C_C010,1026,78,27,C
C_C010,1028,86,27,C
C_C010,1029,100,27,C
C_C010,1033,100,27,C
C_C010,1035,71,27,C
C_C010,1037,76,27,C
C_C010,1038,60,27,C
C_C010,1040,90,27,C
C_C010,1045,77,27,C
C_C010,1047,95,27,C
C_C010,1048,97,27,C
C_C010,1049,91,27,C
28A001,282024A0002,,28,A
28A001,282024A0003,,28,A
28A001,282024A0004,,28,A
28A001,282024A0007,,28,A
28A001,282024A0009,,28,A
28A001,282024A0010,,28,A
28A001,282024A0015,,28,A
28A001,282024A0017,,28,A
28A001,282024A0019,,28,A
28A001,282024A0026,,28,A
28A001,282024A0028,,28,A
28A001,282024A0029,,28,A
28A001,282024A0030,,28,A
28A001,282024A0036,,28,A
28A001,282024A0038,,28,A
28A001,282024A0039,,28,A
28A001,282024A0040,,28,A
28A001,282024A0042,,28,A
28A001,282024A0043,,28,A
28A001,282024A0044,,28,A
28A001,282024A0045,,28,A
28A001,282024A0048,,28,A
28A001,282024A0049,,28,A
28A001,282024A0050,,28,A
28A001,282024B032,,28,B
28A001,282024B040,,28,B
28A001,282024B041,,28,B
28A001,282024C007,0,28,C
28A001,282024C009,0,28,C
28A001,282024C023,0,28,C
28A001,282024C032,0,28,C
28A002,282024A0002,,28,A
28A002,282024A0003,,28,A
28A002,282024A0004,,28,A
28A002,282024A0005,,28,A
28A002,282024A0006,,28,A
28A002,282024A0008,,28,A
28A002,282024A0009,,28,A
28A002,282024A0010,,28,A
28A002,282024A0011,,28,A
28A002,282024A0023,,28,A
28A002,282024A0030,,28,A
28A002,282024A0031,,28,A
28A002,282024A0034,,28,A
28A002,282024A0035,,28,A
28A002,282024A0037,,28,A
28A002,282024A0039,,28,A
28A002,282024A0043,,28,A
28A002,282024A0048,,28,A
28A002,282024A0049,,28,A
28A002,282024B002,,28,B
28A002,282024B033,,28,B
28A002,282024B042,,28,B
28A002,282024B050,,28,B
28A002,282024C001,0,28,C
28A002,282024C002,0,28,C
28A002,282024C018,0,28,C
28A002,282024C041,0,28,C
28A003,282024A0001,,28,A
28A003,282024A0004,,28,A
28A003,282024A0006,,28,A
28A003,282024A0012,,28,A
28A003,282024A0016,,28,A
28A003,282024A0022,,28,A
28A003,282024A0025,,28,A
28A003,282024A0026,,28,A
28A003,282024A0027,,28,A
28A003,282024A0029,,28,A
28A003,282024A0031,,28,A
28A003,282024A0034,,28,A
28A003,282024A0035,,28,A
28A003,282024A0039,,28,A
28A003,282024A0044,,28,A
28A003,282024A0045,,28,A
28A003,282024A0047,,28,A
28A003,282024A0048,,28,A
28A004,282024A0003,,28,A
28A004,282024A0004,,28,A
28A004,282024A0005,,28,A
28A004,282024A0007,,28,A
28A004,282024A0008,,28,A
28A004,282024A0014,,28,A
28A004,282024A0016,,28,A
28A004,282024A0018,,28,A
28A004,282024A0020,,28,A
28A004,282024A0021,,28,A
28A004,282024A0023,,28,A
28A004,282024A0024,,28,A
28A004,282024A0025,,28,A
28A004,282024A0028,,28,A
28A004,282024A0032,,28,A
28A004,282024A0034,,28,A
28A004,282024A0035,,28,A
28A004,282024A0038,,28,A
28A004,282024A0041,,28,A
28A004,282024A0043,,28,A
28A004,282024A0050,,28,A
28A004,282024B001,,28,B
28A004,282024B031,,28,B
28A004,282024B034,,28,B
28A004,282024C013,0,28,C
28A004,282024C017,0,28,C
28A004,282024C046,0,28,C
28A005,282024A0007,,28,A
28A005,282024A0009,,28,A
28A005,282024A0012,,28,A
28A005,282024A0013,,28,A
28A005,282024A0014,,28,A
28A005,282024A0017,,28,A
28A005,282024A0018,,28,A
28A005,282024A0020,,28,A
28A005,282024A0022,,28,A
28A005,282024A0024,,28,A
28A005,282024A0025,,28,A
28A005,282024A0027,,28,A
28A005,282024A0028,,28,A
28A005,282024A0029,,28,A
28A005,282024A0031,,28,A
28A005,282024A0033,,28,A
28A005,282024A0036,,28,A
28A005,282024A0037,,28,A
28A005,282024A0039,,28,A
28A005,282024A0040,,28,A
28A005,282024A0041,,28,A
28A005,282024A0042,,28,A
28A005,282024A0044,,28,A
28A005,282024A0050,,28,A
28A006,282024A0001,,28,A
28A006,282024A0002,,28,A
28A006,282024A0005,,28,A
28A006,282024A0008,,28,A
28A006,282024A0009,,28,A
28A006,282024A0010,,28,A
28A006,282024A0011,,28,A
28A006,282024A0013,,28,A
28A006,282024A0015,,28,A
28A006,282024A0020,,28,A
28A006,282024A0021,,28,A
28A006,282024A0023,,28,A
28A006,282024A0024,,28,A
28A006,282024A0027,,28,A
28A006,282024A0037,,28,A
28A006,282024A0042,,28,A
28A006,282024A0046,,28,A
28A006,282024A0047,,28,A
28A006,282024A0049,,28,A
28A006,282024A0050,,28,A
28A006,282024B004,,28,B
28A006,282024B012,,28,B
28A006,282024B013,,28,B
28A006,282024B014,,28,B
28A006,282024B018,,28,B
28A006,282024B035,,28,B
28A006,282024B039,,28,B
28A006,282024B044,,28,B
28A006,282024C008,0,28,C
28A006,282024C014,0,28,C
28A006,282024C030,0,28,C
28A006,282024C036,0,28,C
28A006,282024C048,0,28,C
28A007,282024A0001,,28,A
28A007,282024A0003,,28,A
28A007,282024A0007,,28,A
28A007,282024A0011,,28,A
28A007,282024A0012,,28,A
28A007,282024A0013,,28,A
28A007,282024A0014,,28,A
28A007,282024A0015,,28,A
28A007,282024A0018,,28,A
28A007,282024A0020,,28,A
28A007,282024A0029,,28,A
28A007,282024A0030,,28,A
28A007,282024A0032,,28,A
28A007,282024A0033,,28,A
28A007,282024A0038,,28,A
28A007,282024A0041,,28,A
28A007,282024A0042,,28,A
28A007,282024A0043,,28,A
28A007,282024A0045,,28,A
28A007,282024A0046,,28,A
28A007,282024A0047,,28,A
28A007,282024A0049,,28,A
28A008,282024A0002,,28,A
28A008,282024A0005,,28,A
28A008,282024A0006,,28,A
28A008,282024A0011,,28,A
28A008,282024A0012,,28,A
28A008,282024A0014,,28,A
28A008,282024A0016,,28,A
28A008,282024A0018,,28,A
28A008,282024A0019,,28,A
28A008,282024A0022,,28,A
28A008,282024A0024,,28,A
28A008,282024A0026,,28,A
28A008,282024A0028,,28,A
28A008,282024A0030,,28,A
28A008,282024A0031,,28,A
28A008,282024A0033,,28,A
28A008,282024A0035,,28,A
28A008,282024A0036,,28,A
28A008,282024A0037,,28,A
28A008,282024A0040,,28,A
28A008,282024A0041,,28,A
28A008,282024A0044,,28,A
28A008,282024A0045,,28,A
28A008,282024A0046,,28,A
28A008,282024A0047,,28,A
28A008,282024A0048,,28,A
28A009,282024A0010,,28,A
28A009,282024A0017,,28,A
28A009,282024A0019,,28,A
28A009,282024A0021,,28,A
28A009,282024A0022,,28,A
28A009,282024A0023,,28,A
28A009,282024A0026,,28,A
28A009,282024A0027,,28,A
28A009,282024A0032,,28,A
28A009,282024A0034,,28,A
28A009,282024A0046,,28,A
28A009,282024B006,,28,B
28A009,282024B017,,28,B
28A009,282024B030,,28,B
28A009,282024B048,,28,B
28A009,282024B049,,28,B
28A009,282024C006,0,28,C
28A009,282024C011,0,28,C
28A009,282024C020,0,28,C
28A009,282024C022,0,28,C
28A009,282024C026,0,28,C
28A009,282024C028,0,28,C
28A009,282024C040,0,28,C
28A009,282024C042,0,28,C
28A010,282024A0001,,28,A
28A010,282024A0006,,28,A
28A010,282024A0008,,28,A
28A010,282024A0013,,28,A
28A010,282024A0015,,28,A
28A010,282024A0016,,28,A
28A010,282024A0017,,28,A
28A010,282024A0019,,28,A
28A010,282024A0021,,28,A
28A010,282024A0025,,28,A
28A010,282024A0032,,28,A
28A010,282024A0033,,28,A
28A010,282024A0036,,28,A
28A010,282024A0038,,28,A
28A010,282024A0040,,28,A
28B0001,282024A0007,,28,A
28B0001,282024A0013,,28,A
28B0001,282024A0017,,28,A
28B0001,282024A0022,,28,A
28B0001,282024A0026,,28,A
28B0001,282024B001,,28,B
28B0001,282024B002,,28,B
28B0001,282024B003,,28,B
28B0001,282024B004,,28,B
28B0001,282024B008,,28,B
28B0001,282024B013,,28,B
28B0001,282024B014,,28,B
28B0001,282024B020,,28,B
28B0001,282024B022,,28,B
28B0001,282024B024,,28,B
28B0001,282024B028,,28,B
28B0001,282024B029,,28,B
28B0001,282024B032,,28,B
28B0001,282024B037,,28,B
28B0001,282024B040,,28,B
28B0001,282024B041,,28,B
28B0001,282024B042,,28,B
28B0001,282024B045,,28,B
28B0001,282024B047,,28,B
28B0001,282024B048,,28,B
28B0001,282024B049,,28,B
28B0001,282024C003,0,28,C
28B0001,282024C015,0,28,C
28B0001,282024C016,0,28,C
28B0001,282024C019,0,28,C
28B0001,282024C034,0,28,C
28B0001,282024C050,0,28,C
28B0002,282024B002,,28,B
28B0002,282024B004,,28,B
28B0002,282024B007,,28,B
28B0002,282024B014,,28,B
28B0002,282024B015,,28,B
28B0002,282024B016,,28,B
28B0002,282024B018,,28,B
28B0002,282024B019,,28,B
28B0002,282024B023,,28,B
28B0002,282024B025,,28,B
28B0002,282024B027,,28,B
28B0002,282024B031,,28,B
28B0002,282024B033,,28,B
28B0002,282024B036,,28,B
28B0002,282024B037,,28,B
28B0002,282024B038,,28,B
28B0002,282024B039,,28,B
28B0002,282024B048,,28,B
28B0002,282024B049,,28,B
28B0002,282024B050,,28,B
28B0003,282024A0003,,28,A
28B0003,282024A0023,,28,A
28B0003,282024A0030,,28,A
28B0003,282024A0034,,28,A
28B0003,282024A0038,,28,A
28B0003,282024A0046,,28,A
28B0003,282024B006,,28,B
28B0003,282024B007,,28,B
28B0003,282024B008,,28,B
28B0003,282024B009,,28,B
28B0003,282024B013,,28,B
28B0003,282024B015,,28,B
28B0003,282024B020,,28,B
28B0003,282024B021,,28,B
28B0003,282024B022,,28,B
28B0003,282024B023,,28,B
28B0003,282024B025,,28,B
28B0003,282024B031,,28,B
28B0003,282024B036,,28,B
28B0003,282024B043,,28,B
28B0003,282024B044,,28,B
28B0003,282024C031,0,28,C
28B0003,282024C044,0,28,C
28B0004,282024A0002,,28,A
28B0004,282024A0025,,28,A
28B0004,282024A0036,,28,A
28B0004,282024A0037,,28,A
28B0004,282024A0039,,28,A
28B0004,282024B001,,28,B
28B0004,282024B004,,28,B
28B0004,282024B005,,28,B
28B0004,282024B006,,28,B
28B0004,282024B009,,28,B
28B0004,282024B010,,28,B
28B0004,282024B011,,28,B
28B0004,282024B012,,28,B
28B0004,282024B018,,28,B
28B0004,282024B021,,28,B
28B0004,282024B023,,28,B
28B0004,282024B025,,28,B
28B0004,282024B026,,28,B
28B0004,282024B030,,28,B
28B0004,282024B036,,28,B
28B0004,282024B043,,28,B
28B0004,282024B046,,28,B
28B0004,282024B048,,28,B
28B0004,282024B050,,28,B
28B0004,282024C012,0,28,C
28B0004,282024C021,0,28,C
28B0004,282024C024,0,28,C
28B0004,282024C037,0,28,C
28B0004,282024C039,0,28,C
28B0004,282024C045,0,28,C
28B0004,282024C047,0,28,C
28B0005,282024B001,,28,B
28B0005,282024B003,,28,B
28B0005,282024B005,,28,B
28B0005,282024B008,,28,B
28B0005,282024B018,,28,B
28B0005,282024B021,,28,B
28B0005,282024B024,,28,B
28B0005,282024B026,,28,B
28B0005,282024B028,,28,B
28B0005,282024B031,,28,B
28B0005,282024B033,,28,B
28B0005,282024B034,,28,B
28B0005,282024B035,,28,B
28B0005,282024B040,,28,B
28B0005,282024B041,,28,B
28B0005,282024B042,,28,B
28B0005,282024B045,,28,B
28B0005,282024B050,,28,B
28B0006,282024B010,,28,B
28B0006,282024B012,,28,B
28B0006,282024B013,,28,B
28B0006,282024B017,,28,B
28B0006,282024B020,,28,B
28B0006,282024B028,,28,B
28B0006,282024B030,,28,B
28B0006,282024B031,,28,B
28B0006,282024B032,,28,B
28B0006,282024B033,,28,B
28B0006,282024B034,,28,B
28B0006,282024B035,,28,B
28B0006,282024B037,,28,B
28B0006,282024B038,,28,B
28B0006,282024B039,,28,B
28B0006,282024B040,,28,B
28B0006,282024B044,,28,B
28B0006,282024B047,,28,B
28B0006,282024B049,,28,B
28B0007,282024A0004,,28,A
28B0007,282024A0018,,28,A
28B0007,282024A0035,,28,A
28B0007,282024B010,,28,B
28B0007,282024B011,,28,B
28B0007,282024B012,,28,B
28B0007,282024B013,,28,B
28B0007,282024B015,,28,B
28B0007,282024B016,,28,B
28B0007,282024B017,,28,B
28B0007,282024B021,,28,B
28B0007,282024B024,,28,B
28B0007,282024B026,,28,B
28B0007,282024B027,,28,B
28B0007,282024B029,,28,B
28B0007,282024B033,,28,B
28B0007,282024B034,,28,B
28B0007,282024B035,,28,B
28B0007,282024B036,,28,B
28B0007,282024B037,,28,B
28B0007,282024B039,,28,B
28B0007,282024B041,,28,B
28B0007,282024B043,,28,B
28B0007,282024B044,,28,B
28B0007,282024B045,,28,B
28B0007,282024B046,,28,B
28B0007,282024C010,0,28,C
28B0007,282024C027,0,28,C
28B0007,282024C043,0,28,C
28B0008,282024B001,,28,B
28B0008,282024B002,,28,B
28B0008,282024B004,,28,B
28B0008,282024B006,,28,B
28B0008,282024B009,,28,B
28B0008,282024B012,,28,B
28B0008,282024B014,,28,B
28B0008,282024B015,,28,B
28B0008,282024B017,,28,B
28B0008,282024B019,,28,B
28B0008,282024B023,,28,B
28B0008,282024B024,,28,B
28B0008,282024B027,,28,B
28B0008,282024B029,,28,B
28B0008,282024B032,,28,B
28B0008,282024B035,,28,B
28B0008,282024B038,,28,B
28B0008,282024B041,,28,B
28B0008,282024B042,,28,B
28B0008,282024B046,,28,B
28B0008,282024B048,,28,B
28B0009,282024A0006,,28,A
28B0009,282024A0031,,28,A
28B0009,282024A0033,,28,A
28B0009,282024A0041,,28,A
28B0009,282024B003,,28,B
28B0009,282024B005,,28,B
28B0009,282024B007,,28,B
28B0009,282024B008,,28,B
28B0009,282024B010,,28,B
28B0009,282024B011,,28,B
28B0009,282024B014,,28,B
28B0009,282024B016,,28,B
28B0009,282024B019,,28,B
28B0009,282024B022,,28,B
28B0009,282024B025,,28,B
28B0009,282024B027,,28,B
28B0009,282024B028,,28,B
28B0009,282024B030,,28,B
28B0009,282024B034,,28,B
28B0009,282024B038,,28,B
28B0009,282024B039,,28,B
28B0009,282024B040,,28,B
28B0009,282024B043,,28,B
28B0009,282024B047,,28,B
28B0009,282024C004,0,28,C
28B0009,282024C005,0,28,C
28B0009,282024C025,0,28,C
28B0009,282024C029,0,28,C
28B0009,282024C033,0,28,C
28B0009,282024C035,0,28,C
28B0009,282024C038,0,28,C
28B0009,282024C049,0,28,C
28B0010,282024B002,,28,B
28B0010,282024B003,,28,B
28B0010,282024B005,,28,B
28B0010,282024B006,,28,B
28B0010,282024B007,,28,B
28B0010,282024B009,,28,B
28B0010,282024B011,,28,B
28B0010,282024B016,,28,B
28B0010,282024B017,,28,B
28B0010,282024B018,,28,B
28B0010,282024B019,,28,B
28B0010,282024B020,,28,B
28B0010,282024B022,,28,B
28B0010,282024B026,,28,B
28B0010,282024B029,,28,B
28B0010,282024B030,,28,B
28B0010,282024B032,,28,B
28B0010,282024B042,,28,B
28B0010,282024B044,,28,B
28B0010,282024B045,,28,B
28B0010,282024B046,,28,B
28B0010,282024B047,,28,B
28B0010,282024B049,,28,B
28B0010,282024B050,,28,B
28C001,282024A0024,,28,A
28C001,282024A0027,,28,A
28C001,282024A0029,,28,A
28C001,282024A0042,,28,A
28C001,282024B003,,28,B
28C001,282024B011,,28,B
28C001,282024B019,,28,B
28C001,282024B046,,28,B
28C001,282024C001,0,28,C
28C001,282024C002,0,28,C
28C001,282024C003,0,28,C
28C001,282024C004,0,28,C
28C001,282024C007,0,28,C
28C001,282024C015,0,28,C
28C001,282024C016,0,28,C
28C001,282024C018,0,28,C
28C001,282024C021,0,28,C
28C001,282024C022,0,28,C
28C001,282024C026,0,28,C
28C001,282024C027,0,28,C
28C001,282024C029,0,28,C
28C001,282024C030,0,28,C
28C001,282024C031,0,28,C
28C001,282024C034,0,28,C
28C001,282024C035,0,28,C
28C001,282024C037,0,28,C
28C001,282024C040,0,28,C
28C001,282024C046,0,28,C
28C001,282024C047,0,28,C
28C001,282024C050,0,28,C
28C002,282024A0011,,28,A
28C002,282024A0019,,28,A
28C002,282024B010,,28,B
28C002,282024B026,,28,B
28C002,282024B029,,28,B
28C002,282024B045,,28,B
28C002,282024C004,0,28,C
28C002,282024C005,0,28,C
28C002,282024C006,0,28,C
28C002,282024C009,0,28,C
28C002,282024C011,0,28,C
28C002,282024C012,0,28,C
28C002,282024C015,0,28,C
28C002,282024C019,0,28,C
28C002,282024C023,0,28,C
28C002,282024C026,0,28,C
28C002,282024C027,0,28,C
28C002,282024C029,0,28,C
28C002,282024C031,0,28,C
28C002,282024C033,0,28,C
28C002,282024C038,0,28,C
28C002,282024C039,0,28,C
28C002,282024C042,0,28,C
28C002,282024C043,0,28,C
28C002,282024C045,0,28,C
28C002,282024C048,0,28,C
28C003,282024C001,0,28,C
28C003,282024C002,0,28,C
28C003,282024C004,0,28,C
28C003,282024C009,0,28,C
28C003,282024C010,0,28,C
28C003,282024C014,0,28,C
28C003,282024C016,0,28,C
28C003,282024C019,0,28,C
28C003,282024C021,0,28,C
28C003,282024C022,0,28,C
28C003,282024C023,0,28,C
28C003,282024C025,0,28,C
28C003,282024C028,0,28,C
28C003,282024C032,0,28,C
28C003,282024C033,0,28,C
28C003,282024C036,0,28,C
28C003,282024C037,0,28,C
28C003,282024C040,0,28,C
28C003,282024C041,0,28,C
28C003,282024C042,0,28,C
28C003,282024C043,0,28,C
28C003,282024C050,0,28,C
28C004,282024A0001,,28,A
28C004,282024A0005,,28,A
28C004,282024A0009,,28,A
28C004,282024A0015,,28,A
28C004,282024A0016,,28,A
28C004,282024A0021,,28,A
28C004,282024A0028,,28,A
28C004,282024A0032,,28,A
28C004,282024A0040,,28,A
28C004,282024A0044,,28,A
28C004,282024A0045,,28,A
28C004,282024A0048,,28,A
28C004,282024B007,,28,B
28C004,282024B009,,28,B
28C004,282024B015,,28,B
28C004,282024B020,,28,B
28C004,282024B023,,28,B
28C004,282024B024,,28,B
28C004,282024B028,,28,B
28C004,282024B047,,28,B
28C004,282024C003,0,28,C
28C004,282024C005,0,28,C
28C004,282024C007,0,28,C
28C004,282024C010,0,28,C
28C004,282024C012,0,28,C
28C004,282024C019,0,28,C
28C004,282024C020,0,28,C
28C004,282024C024,0,28,C
28C004,282024C027,0,28,C
28C004,282024C034,0,28,C
28C004,282024C039,0,28,C
28C004,282024C040,0,28,C
28C004,282024C041,0,28,C
28C004,282024C045,0,28,C
28C004,282024C048,0,28,C
28C004,282024C049,0,28,C
28C005,282024C002,0,28,C
28C005,282024C003,0,28,C
28C005,282024C004,0,28,C
28C005,282024C006,0,28,C
28C005,282024C007,0,28,C
28C005,282024C010,0,28,C
28C005,282024C014,0,28,C
28C005,282024C016,0,28,C
28C005,282024C018,0,28,C
28C005,282024C020,0,28,C
28C005,282024C021,0,28,C
28C005,282024C025,0,28,C
28C005,282024C027,0,28,C
28C005,282024C030,0,28,C
28C005,282024C032,0,28,C
28C005,282024C042,0,28,C
28C005,282024C046,0,28,C
28C005,282024C049,0,28,C
28C006,282024A0010,,28,A
28C006,282024A0012,,28,A
28C006,282024A0020,,28,A
28C006,282024A0049,,28,A
28C006,282024A0050,,28,A
28C006,282024B005,,28,B
28C006,282024C001,0,28,C
28C006,282024C003,0,28,C
28C006,282024C008,0,28,C
28C006,282024C010,0,28,C
28C006,282024C013,0,28,C
28C006,282024C014,0,28,C
28C006,282024C016,0,28,C
28C006,282024C017,0,28,C
28C006,282024C018,0,28,C
28C006,282024C022,0,28,C
28C006,282024C023,0,28,C
28C006,282024C025,0,28,C
28C006,282024C029,0,28,C
28C006,282024C034,0,28,C
28C006,282024C037,0,28,C
28C006,282024C040,0,28,C
28C006,282024C041,0,28,C
28C006,282024C044,0,28,C
28C006,282024C046,0,28,C
28C006,282024C049,0,28,C
28C007,282024C008,0,28,C
28C007,282024C011,0,28,C
28C007,282024C012,0,28,C
28C007,282024C013,0,28,C
28C007,282024C014,0,28,C
28C007,282024C017,0,28,C
28C007,282024C020,0,28,C
28C007,282024C022,0,28,C
28C007,282024C023,0,28,C
28C007,282024C024,0,28,C
28C007,282024C028,0,28,C
28C007,282024C029,0,28,C
28C007,282024C033,0,28,C
28C007,282024C035,0,28,C
28C007,282024C036,0,28,C
28C007,282024C037,0,28,C
28C007,282024C038,0,28,C
28C007,282024C039,0,28,C
28C007,282024C043,0,28,C
28C007,282024C044,0,28,C
28C007,282024C048,0,28,C
28C008,282024A0008,,28,A
28C008,282024A0014,,28,A
28C008,282024A0043,,28,A
28C008,282024A0047,,28,A
28C008,282024B008,,28,B
28C008,282024B016,,28,B
28C008,282024B021,,28,B
28C008,282024B022,,28,B
28C008,282024B025,,28,B
28C008,282024B027,,28,B
28C008,282024B036,,28,B
28C008,282024B037,,28,B
28C008,282024B038,,28,B
28C008,282024B043,,28,B
28C008,282024C005,0,28,C
28C008,282024C006,0,28,C
28C008,282024C008,0,28,C
28C008,282024C009,0,28,C
28C008,282024C012,0,28,C
28C008,282024C013,0,28,C
28C008,282024C017,0,28,C
28C008,282024C019,0,28,C
28C008,282024C020,0,28,C
28C008,282024C021,0,28,C
28C008,282024C028,0,28,C
28C008,282024C030,0,28,C
28C008,282024C033,0,28,C
28C008,282024C035,0,28,C
28C008,282024C038,0,28,C
28C008,282024C044,0,28,C
28C008,282024C045,0,28,C
28C008,282024C047,0,28,C
28C008,282024C050,0,28,C
28C009,282024C001,0,28,C
28C009,282024C002,0,28,C
28C009,282024C007,0,28,C
28C009,282024C008,0,28,C
28C009,282024C009,0,28,C
28C009,282024C011,0,28,C
28C009,282024C013,0,28,C
28C009,282024C015,0,28,C
28C009,282024C024,0,28,C
28C009,282024C025,0,28,C
28C009,282024C026,0,28,C
28C009,282024C030,0,28,C
28C009,282024C031,0,28,C
28C009,282024C032,0,28,C
28C009,282024C034,0,28,C
28C009,282024C035,0,28,C
28C009,282024C036,0,28,C
28C009,282024C039,0,28,C
28C009,282024C041,0,28,C
28C009,282024C047,0,28,C
28C009,282024C050,0,28,C
28C010,282024C005,0,28,C
28C010,282024C006,0,28,C
28C010,282024C011,0,28,C
28C010,282024C015,0,28,C
28C010,282024C017,0,28,C
28C010,282024C018,0,28,C
28C010,282024C024,0,28,C
28C010,282024C026,0,28,C
28C010,282024C028,0,28,C
28C010,282024C031,0,28,C
28C010,282024C032,0,28,C
28C010,282024C036,0,28,C
28C010,282024C038,0,28,C
28C010,282024C042,0,28,C
28C010,282024C043,0,28,C
28C010,282024C044,0,28,C
28C010,282024C045,0,28,C
28C010,282024C046,0,28,C
28C010,282024C047,0,28,C
28C010,282024C048,0,28,C
28C010,282024C049,0,28,C
A01,A001,NULL,4,A
A01,A002,NULL,4,A
A01,A003,NULL,4,A
A01,A004,NULL,4,A
A01,A005,NULL,4,A
A01,A006,NULL,4,A
A01,A007,NULL,4,A
A01,A008,NULL,4,A
A01,A009,NULL,4,A
A01,A010,NULL,4,A
A01,A011,NULL,4,A
A01,A012,NULL,4,A
A01,A013,NULL,4,A
A01,A014,NULL,4,A
A01,A015,NULL,4,A
A01,A016,NULL,4,A
A01,A017,NULL,4,A
A01,A018,NULL,4,A
A01,A019,NULL,4,A
A01,A020,NULL,4,A
A01,A021,NULL,4,A
A01,A022,NULL,4,A
A01,A023,NULL,4,A
A01,A024,NULL,4,A
A01,A025,NULL,4,A
A01,A026,NULL,4,A
A01,A027,NULL,4,A
A01,A028,NULL,4,A
A01,A029,NULL,4,A
A01,A030,NULL,4,A
A01,A031,NULL,4,A
A01,A032,NULL,4,A
A01,A033,NULL,4,A
A01,A034,NULL,4,A
A01,A035,NULL,4,A
A01,A036,NULL,4,A
A01,A037,NULL,4,A
A01,A038,NULL,4,A
A01,A039,NULL,4,A
A01,A040,NULL,4,A
A01,A041,NULL,4,A
A01,A042,NULL,4,A
A01,A043,NULL,4,A
A01,A044,NULL,4,A
A01,A045,NULL,4,A
A01,A046,NULL,4,A
A01,A047,NULL,4,A
A01,A048,NULL,4,A
A01,A049,NULL,4,A
A01,A050,NULL,4,A
A02,A001,NULL,4,A
A02,A002,NULL,4,A
A02,A003,NULL,4,A
A02,A004,NULL,4,A
A02,A005,NULL,4,A
A02,A006,NULL,4,A
A02,A007,NULL,4,A
A02,A008,NULL,4,A
A02,A009,NULL,4,A
A02,A010,NULL,4,A
A02,A011,NULL,4,A
A02,A012,NULL,4,A
A02,A013,NULL,4,A
A02,A014,NULL,4,A
A02,A015,NULL,4,A
A02,A016,NULL,4,A
A02,A017,NULL,4,A
A02,A018,NULL,4,A
A02,A019,NULL,4,A
A02,A020,NULL,4,A
A02,A021,NULL,4,A
A02,A022,NULL,4,A
A02,A023,NULL,4,A
A02,A024,NULL,4,A
A02,A025,NULL,4,A
A02,A026,NULL,4,A
A02,A027,NULL,4,A
A02,A028,NULL,4,A
A02,A029,NULL,4,A
A02,A030,NULL,4,A
A02,A031,NULL,4,A
A02,A032,NULL,4,A
A02,A033,NULL,4,A
A02,A034,NULL,4,A
A02,A035,NULL,4,A
A02,A036,NULL,4,A
A02,A037,NULL,4,A
A02,A038,NULL,4,A
A02,A039,NULL,4,A
A02,A040,NULL,4,A
A02,A041,NULL,4,A
A02,A042,NULL,4,A
A02,A043,NULL,4,A
A02,A044,NULL,4,A
A02,A045,NULL,4,A
A02,A046,NULL,4,A
A02,A047,NULL,4,A
A02,A048,NULL,4,A
A02,A049,NULL,4,A
A02,A050,NULL,4,A
A03,A001,NULL,4,A
A03,A002,NULL,4,A
A03,A003,NULL,4,A
A03,A004,NULL,4,A
A03,A005,NULL,4,A
A03,A006,NULL,4,A
A03,A007,NULL,4,A
A03,A008,NULL,4,A
A03,A009,NULL,4,A
A03,A010,NULL,4,A
A03,A011,NULL,4,A
A03,A012,NULL,4,A
A03,A013,NULL,4,A
A03,A014,NULL,4,A
A03,A015,NULL,4,A
A03,A016,NULL,4,A
A03,A017,NULL,4,A
A03,A018,NULL,4,A
A03,A019,NULL,4,A
A03,A020,NULL,4,A
A03,A021,NULL,4,A
A03,A022,NULL,4,A
A03,A023,NULL,4,A
A03,A024,NULL,4,A
A03,A025,NULL,4,A
A03,A026,NULL,4,A
A03,A027,NULL,4,A
A03,A028,NULL,4,A
A03,A029,NULL,4,A
A03,A030,NULL,4,A
A03,A031,NULL,4,A
A03,A032,NULL,4,A
A03,A033,NULL,4,A
A03,A034,NULL,4,A
A03,A035,NULL,4,A
A03,A036,NULL,4,A
A03,A037,NULL,4,A
A03,A038,NULL,4,A
A03,A039,NULL,4,A
A03,A040,NULL,4,A
A03,A041,NULL,4,A
A03,A042,NULL,4,A
A03,A043,NULL,4,A
A03,A044,NULL,4,A
A03,A045,NULL,4,A
A03,A046,NULL,4,A
A03,A047,NULL,4,A
A03,A048,NULL,4,A
A03,A049,NULL,4,A
A03,A050,NULL,4,A
A04,A001,NULL,4,A
A04,A002,NULL,4,A
A04,A003,NULL,4,A
A04,A004,NULL,4,A
A04,A005,NULL,4,A
A04,A006,NULL,4,A
A04,A007,NULL,4,A
A04,A008,NULL,4,A
A04,A009,NULL,4,A
A04,A010,NULL,4,A
A04,A011,NULL,4,A
A04,A012,NULL,4,A
A04,A013,NULL,4,A
A04,A014,NULL,4,A
A04,A015,NULL,4,A
A04,A016,NULL,4,A
A04,A017,NULL,4,A
A04,A018,NULL,4,A
A04,A019,NULL,4,A
A04,A020,NULL,4,A
A04,A021,NULL,4,A
A04,A022,NULL,4,A
A04,A023,NULL,4,A
A04,A024,NULL,4,A
A04,A025,NULL,4,A
A04,A026,NULL,4,A
A04,A027,NULL,4,A
A04,A028,NULL,4,A
A04,A029,NULL,4,A
A04,A030,NULL,4,A
A04,A031,NULL,4,A
A04,A032,NULL,4,A
A04,A033,NULL,4,A
A04,A034,NULL,4,A
A04,A035,NULL,4,A
A04,A036,NULL,4,A
A04,A037,NULL,4,A
A04,A038,NULL,4,A
A04,A039,NULL,4,A
A04,A040,NULL,4,A
A04,A041,NULL,4,A
A04,A042,NULL,4,A
A04,A043,NULL,4,A
A04,A044,NULL,4,A
A04,A045,NULL,4,A
A04,A046,NULL,4,A
A04,A047,NULL,4,A
A04,A048,NULL,4,A
A04,A049,NULL,4,A
A04,A050,NULL,4,A
A05,A001,NULL,4,A
A05,A002,NULL,4,A
A05,A003,NULL,4,A
A05,A004,NULL,4,A
A05,A005,NULL,4,A
A05,A006,NULL,4,A
A05,A007,NULL,4,A
A05,A008,NULL,4,A
A05,A009,NULL,4,A
A05,A010,NULL,4,A
A05,A011,NULL,4,A
A05,A012,NULL,4,A
A05,A013,NULL,4,A
A05,A014,NULL,4,A
A05,A015,NULL,4,A
A05,A016,NULL,4,A
A05,A017,NULL,4,A
A05,A018,NULL,4,A
A05,A019,NULL,4,A
A05,A020,NULL,4,A
A05,A021,NULL,4,A
A05,A022,NULL,4,A
A05,A023,NULL,4,A
A05,A024,NULL,4,A
A05,A025,NULL,4,A
A05,A026,NULL,4,A
A05,A027,NULL,4,A
A05,A028,NULL,4,A
A05,A029,NULL,4,A
A05,A030,NULL,4,A
A05,A031,NULL,4,A
A05,A032,NULL,4,A
A05,A033,NULL,4,A
A05,A034,NULL,4,A
A05,A035,NULL,4,A
A05,A036,NULL,4,A
A05,A037,NULL,4,A
A05,A038,NULL,4,A
A05,A039,NULL,4,A
A05,A040,NULL,4,A
A05,A041,NULL,4,A
A05,A042,NULL,4,A
A05,A043,NULL,4,A
A05,A044,NULL,4,A
A05,A045,NULL,4,A
A05,A046,NULL,4,A
A05,A047,NULL,4,A
A05,A048,NULL,4,A
A05,A049,NULL,4,A
A05,A050,NULL,4,A
B0001,2024B0001,NULL,4,B
B0001,2024B0002,NULL,4,B
B0001,2024B0003,NULL,4,B
B0001,2024B0004,NULL,4,B
B0001,2024B0005,NULL,4,B
B0001,2024B0006,NULL,4,B
B0001,2024B0007,NULL,4,B
B0001,2024B0008,NULL,4,B
B0001,2024B0009,NULL,4,B
B0001,2024B0010,NULL,4,B
B0001,2024B0011,NULL,4,B
B0001,2024B0012,NULL,4,B
B0001,2024B0013,NULL,4,B
B0001,2024B0014,NULL,4,B
B0001,2024B0015,NULL,4,B
B0001,2024B0016,NULL,4,B
B0001,2024B0017,NULL,4,B
B0001,2024B0018,NULL,4,B
B0001,2024B0019,NULL,4,B
B0001,2024B0020,NULL,4,B
B0001,2024B0021,NULL,4,B
B0001,2024B0022,NULL,4,B
B0001,2024B0023,NULL,4,B
B0001,2024B0024,NULL,4,B
B0001,2024B0025,NULL,4,B
B0001,2024B0026,NULL,4,B
B0001,2024B0027,NULL,4,B
B0001,2024B0028,NULL,4,B
B0001,2024B0029,NULL,4,B
B0001,2024B0030,NULL,4,B
B0001,2024B0031,NULL,4,B
B0001,2024B0032,NULL,4,B
B0001,2024B0033,NULL,4,B
B0001,2024B0034,NULL,4,B
B0001,2024B0035,NULL,4,B
B0001,2024B0036,NULL,4,B
B0001,2024B0037,NULL,4,B
B0001,2024B0038,NULL,4,B
B0001,2024B0039,NULL,4,B
B0001,2024B0040,NULL,4,B
B0001,2024B0041,NULL,4,B
B0001,2024B0042,NULL,4,B
B0001,2024B0043,NULL,4,B
B0001,2024B0044,NULL,4,B
B0001,2024B0045,NULL,4,B
B0001,2024B0046,NULL,4,B
B0001,2024B0047,NULL,4,B
B0001,2024B0048,NULL,4,B
B0001,2024B0049,NULL,4,B
B0001,2024B0050,NULL,4,B
B0002,2024B0001,NULL,4,B
B0002,2024B0002,NULL,4,B
B0002,2024B0003,NULL,4,B
B0002,2024B0004,NULL,4,B
B0002,2024B0005,NULL,4,B
B0002,2024B0006,NULL,4,B
B0002,2024B0007,NULL,4,B
B0002,2024B0008,NULL,4,B
B0002,2024B0009,NULL,4,B
B0002,2024B0010,NULL,4,B
B0002,2024B0011,NULL,4,B
B0002,2024B0012,NULL,4,B
B0002,2024B0013,NULL,4,B
B0002,2024B0014,NULL,4,B
B0002,2024B0015,NULL,4,B
B0002,2024B0016,NULL,4,B
B0002,2024B0017,NULL,4,B
B0002,2024B0018,NULL,4,B
B0002,2024B0019,NULL,4,B
B0002,2024B0020,NULL,4,B
B0002,2024B0021,NULL,4,B
B0002,2024B0022,NULL,4,B
B0002,2024B0023,NULL,4,B
B0002,2024B0024,NULL,4,B
B0002,2024B0025,NULL,4,B
B0002,2024B0026,NULL,4,B
B0002,2024B0027,NULL,4,B
B0002,2024B0028,NULL,4,B
B0002,2024B0029,NULL,4,B
B0002,2024B0030,NULL,4,B
B0002,2024B0031,NULL,4,B
B0002,2024B0032,NULL,4,B
B0002,2024B0033,NULL,4,B
B0002,2024B0034,NULL,4,B
B0002,2024B0035,NULL,4,B
B0002,2024B0036,NULL,4,B
B0002,2024B0037,NULL,4,B
B0002,2024B0038,NULL,4,B
B0002,2024B0039,NULL,4,B
B0002,2024B0040,NULL,4,B
B0002,2024B0041,NULL,4,B
B0002,2024B0042,NULL,4,B
B0002,2024B0043,NULL,4,B
B0002,2024B0044,NULL,4,B
B0002,2024B0045,NULL,4,B
B0002,2024B0046,NULL,4,B
B0002,2024B0047,NULL,4,B
B0002,2024B0048,NULL,4,B
B0002,2024B0049,NULL,4,B
B0002,2024B0050,NULL,4,B
B0003,2024B0001,NULL,4,B
B0003,2024B0002,NULL,4,B
B0003,2024B0003,NULL,4,B
B0003,2024B0004,NULL,4,B
B0003,2024B0005,NULL,4,B
B0003,2024B0006,NULL,4,B
B0003,2024B0007,NULL,4,B
B0003,2024B0008,NULL,4,B
B0003,2024B0009,NULL,4,B
B0003,2024B0010,NULL,4,B
B0003,2024B0011,NULL,4,B
B0003,2024B0012,NULL,4,B
B0003,2024B0013,NULL,4,B
B0003,2024B0014,NULL,4,B
B0003,2024B0015,NULL,4,B
B0003,2024B0016,NULL,4,B
B0003,2024B0017,NULL,4,B
B0003,2024B0018,NULL,4,B
B0003,2024B0019,NULL,4,B
B0003,2024B0020,NULL,4,B
B0003,2024B0021,NULL,4,B
B0003,2024B0022,NULL,4,B
B0003,2024B0023,NULL,4,B
B0003,2024B0024,NULL,4,B
B0003,2024B0025,NULL,4,B
B0003,2024B0026,NULL,4,B
B0003,2024B0027,NULL,4,B
B0003,2024B0028,NULL,4,B
B0003,2024B0029,NULL,4,B
B0003,2024B0030,NULL,4,B
B0003,2024B0031,NULL,4,B
B0003,2024B0032,NULL,4,B
B0003,2024B0033,NULL,4,B
B0003,2024B0034,NULL,4,B
B0003,2024B0035,NULL,4,B
B0003,2024B0036,NULL,4,B
B0003,2024B0037,NULL,4,B
B0003,2024B0038,NULL,4,B
B0003,2024B0039,NULL,4,B
B0003,2024B0040,NULL,4,B
B0003,2024B0041,NULL,4,B
B0003,2024B0042,NULL,4,B
B0003,2024B0043,NULL,4,B
B0003,2024B0044,NULL,4,B
B0003,2024B0045,NULL,4,B
B0003,2024B0046,NULL,4,B
B0003,2024B0047,NULL,4,B
B0003,2024B0048,NULL,4,B
B0003,2024B0049,NULL,4,B
B0003,2024B0050,NULL,4,B
B0004,2024B0001,NULL,4,B
B0004,2024B0002,NULL,4,B
B0004,2024B0003,NULL,4,B
B0004,2024B0004,NULL,4,B
B0004,2024B0005,NULL,4,B
B0004,2024B0006,NULL,4,B
B0004,2024B0007,NULL,4,B
B0004,2024B0008,NULL,4,B
B0004,2024B0009,NULL,4,B
B0004,2024B0010,NULL,4,B
B0004,2024B0011,NULL,4,B
B0004,2024B0012,NULL,4,B
B0004,2024B0013,NULL,4,B
B0004,2024B0014,NULL,4,B
B0004,2024B0015,NULL,4,B
B0004,2024B0016,NULL,4,B
B0004,2024B0017,NULL,4,B
B0004,2024B0018,NULL,4,B
B0004,2024B0019,NULL,4,B
B0004,2024B0020,NULL,4,B
B0004,2024B0021,NULL,4,B
B0004,2024B0022,NULL,4,B
B0004,2024B0023,NULL,4,B
B0004,2024B0024,NULL,4,B
B0004,2024B0025,NULL,4,B
B0004,2024B0026,NULL,4,B
B0004,2024B0027,NULL,4,B
B0004,2024B0028,NULL,4,B
B0004,2024B0029,NULL,4,B
B0004,2024B0030,NULL,4,B
B0004,2024B0031,NULL,4,B
B0004,2024B0032,NULL,4,B
B0004,2024B0033,NULL,4,B
B0004,2024B0034,NULL,4,B
B0004,2024B0035,NULL,4,B
B0004,2024B0036,NULL,4,B
B0004,2024B0037,NULL,4,B
B0004,2024B0038,NULL,4,B
B0004,2024B0039,NULL,4,B
B0004,2024B0040,NULL,4,B
B0004,2024B0041,NULL,4,B
B0004,2024B0042,NULL,4,B
B0004,2024B0043,NULL,4,B
B0004,2024B0044,NULL,4,B
B0004,2024B0045,NULL,4,B
B0004,2024B0046,NULL,4,B
B0004,2024B0047,NULL,4,B
B0004,2024B0048,NULL,4,B
B0004,2024B0049,NULL,4,B
B0004,2024B0050,NULL,4,B
B0005,2024B0001,NULL,4,B
B0005,2024B0002,NULL,4,B
B0005,2024B0003,NULL,4,B
B0005,2024B0004,NULL,4,B
B0005,2024B0005,NULL,4,B
B0005,2024B0006,NULL,4,B
B0005,2024B0007,NULL,4,B
B0005,2024B0008,NULL,4,B
B0005,2024B0009,NULL,4,B
B0005,2024B0010,NULL,4,B
B0005,2024B0011,NULL,4,B
B0005,2024B0012,NULL,4,B
B0005,2024B0013,NULL,4,B
B0005,2024B0014,NULL,4,B
B0005,2024B0015,NULL,4,B
B0005,2024B0016,NULL,4,B
B0005,2024B0017,NULL,4,B
B0005,2024B0018,NULL,4,B
B0005,2024B0019,NULL,4,B
B0005,2024B0020,NULL,4,B
B0005,2024B0021,NULL,4,B
B0005,2024B0022,NULL,4,B
B0005,2024B0023,NULL,4,B
B0005,2024B0024,NULL,4,B
B0005,2024B0025,NULL,4,B
B0005,2024B0026,NULL,4,B
B0005,2024B0027,NULL,4,B
B0005,2024B0028,NULL,4,B
B0005,2024B0029,NULL,4,B
B0005,2024B0030,NULL,4,B
B0005,2024B0031,NULL,4,B
B0005,2024B0032,NULL,4,B
B0005,2024B0033,NULL,4,B
B0005,2024B0034,NULL,4,B
B0005,2024B0035,NULL,4,B
B0005,2024B0036,NULL,4,B
B0005,2024B0037,NULL,4,B
B0005,2024B0038,NULL,4,B
B0005,2024B0039,NULL,4,B
B0005,2024B0040,NULL,4,B
B0005,2024B0041,NULL,4,B
B0005,2024B0042,NULL,4,B
B0005,2024B0043,NULL,4,B
B0005,2024B0044,NULL,4,B
B0005,2024B0045,NULL,4,B
B0005,2024B0046,NULL,4,B
B0005,2024B0047,NULL,4,B
B0005,2024B0048,NULL,4,B
B0005,2024B0049,NULL,4,B
B0005,2024B0050,NULL,4,B
C001,202300101,NULL,4,C
C001,202300102,NULL,4,C
C001,202300103,NULL,4,C
C001,202300104,NULL,4,C
C001,202300105,NULL,4,C
C001,202300106,NULL,4,C
C001,202300107,NULL,4,C
C001,202300108,NULL,4,C
C001,202300109,NULL,4,C
C001,202300110,NULL,4,C
C001,202300111,NULL,4,C
C001,202300112,NULL,4,C
C001,202300113,NULL,4,C
C001,202300114,NULL,4,C
C001,202300115,NULL,4,C
C001,202300116,NULL,4,C
C001,202300117,NULL,4,C
C001,202300118,NULL,4,C
C001,202300119,NULL,4,C
C001,202300120,NULL,4,C
C001,202300121,NULL,4,C
C001,202300122,NULL,4,C
C001,202300123,NULL,4,C
C001,202300124,NULL,4,C
C001,202300125,NULL,4,C
C001,202300126,NULL,4,C
C001,202300127,NULL,4,C
C001,202300128,NULL,4,C
C001,202300129,NULL,4,C
C001,202300130,NULL,4,C
C001,202300131,NULL,4,C
C001,202300132,NULL,4,C
C001,202300133,NULL,4,C
C001,202300134,NULL,4,C
C001,202300135,NULL,4,C
C001,202300136,NULL,4,C
C001,202300137,NULL,4,C
C001,202300138,NULL,4,C
C001,202300139,NULL,4,C
C001,202300140,NULL,4,C
C001,202300141,NULL,4,C
C001,202300142,NULL,4,C
C001,202300143,NULL,4,C
C001,202300144,NULL,4,C
C001,202300145,NULL,4,C
C001,202300146,NULL,4,C
C001,202300147,NULL,4,C
C001,202300148,NULL,4,C
C001,202300149,NULL,4,C
C001,202300150,NULL,4,C
C002,202300101,NULL,4,C
C002,202300102,NULL,4,C
C002,202300103,NULL,4,C
C002,202300104,NULL,4,C
C002,202300105,NULL,4,C
C002,202300106,NULL,4,C
C002,202300107,NULL,4,C
C002,202300108,NULL,4,C
C002,202300109,NULL,4,C
C002,202300110,NULL,4,C
C002,202300111,NULL,4,C
C002,202300112,NULL,4,C
C002,202300113,NULL,4,C
C002,202300114,NULL,4,C
C002,202300115,NULL,4,C
C002,202300116,NULL,4,C
C002,202300117,NULL,4,C
C002,202300118,NULL,4,C
C002,202300119,NULL,4,C
C002,202300120,NULL,4,C
C002,202300121,NULL,4,C
C002,202300122,NULL,4,C
C002,202300123,NULL,4,C
C002,202300124,NULL,4,C
C002,202300125,NULL,4,C
C002,202300126,NULL,4,C
C002,202300127,NULL,4,C
C002,202300128,NULL,4,C
C002,202300129,NULL,4,C
C002,202300130,NULL,4,C
C002,202300131,NULL,4,C
C002,202300132,NULL,4,C
C002,202300133,NULL,4,C
C002,202300134,NULL,4,C
C002,202300135,NULL,4,C
C002,202300136,NULL,4,C
C002,202300137,NULL,4,C
C002,202300138,NULL,4,C
C002,202300139,NULL,4,C
C002,202300140,NULL,4,C
C002,202300141,NULL,4,C
C002,202300142,NULL,4,C
C002,202300143,NULL,4,C
C002,202300144,NULL,4,C
C002,202300145,NULL,4,C
C002,202300146,NULL,4,C
C002,202300147,NULL,4,C
C002,202300148,NULL,4,C
C002,202300149,NULL,4,C
C002,202300150,NULL,4,C
C003,202300101,NULL,4,C
C003,202300102,NULL,4,C
C003,202300103,NULL,4,C
C003,202300104,NULL,4,C
C003,202300105,NULL,4,C
C003,202300106,NULL,4,C
C003,202300107,NULL,4,C
C003,202300108,NULL,4,C
C003,202300109,NULL,4,C
C003,202300110,NULL,4,C
C003,202300111,NULL,4,C
C003,202300112,NULL,4,C
C003,202300113,NULL,4,C
C003,202300114,NULL,4,C
C003,202300115,NULL,4,C
C003,202300116,NULL,4,C
C003,202300117,NULL,4,C
C003,202300118,NULL,4,C
C003,202300119,NULL,4,C
C003,202300120,NULL,4,C
C003,202300121,NULL,4,C
C003,202300122,NULL,4,C
C003,202300123,NULL,4,C
C003,202300124,NULL,4,C
C003,202300125,NULL,4,C
C003,202300126,NULL,4,C
C003,202300127,NULL,4,C
C003,202300128,NULL,4,C
C003,202300129,NULL,4,C
C003,202300130,NULL,4,C
C003,202300131,NULL,4,C
C003,202300132,NULL,4,C
C003,202300133,NULL,4,C
C003,202300134,NULL,4,C
C003,202300135,NULL,4,C
C003,202300136,NULL,4,C
C003,202300137,NULL,4,C
C003,202300138,NULL,4,C
C003,202300139,NULL,4,C
C003,202300140,NULL,4,C
C003,202300141,NULL,4,C
C003,202300142,NULL,4,C
C003,202300143,NULL,4,C
C003,202300144,NULL,4,C
C003,202300145,NULL,4,C
C003,202300146,NULL,4,C
C003,202300147,NULL,4,C
C003,202300148,NULL,4,C
C003,202300149,NULL,4,C
C003,202300150,NULL,4,C
C004,202300101,NULL,4,C
C004,202300102,NULL,4,C
C004,202300103,NULL,4,C
C004,202300104,NULL,4,C
C004,202300105,NULL,4,C
C004,202300106,NULL,4,C
C004,202300107,NULL,4,C
C004,202300108,NULL,4,C
C004,202300109,NULL,4,C
C004,202300110,NULL,4,C
C004,202300111,NULL,4,C
C004,202300112,NULL,4,C
C004,202300113,NULL,4,C
C004,202300114,NULL,4,C
C004,202300115,NULL,4,C
C004,202300116,NULL,4,C
C004,202300117,NULL,4,C
C004,202300118,NULL,4,C
C004,202300119,NULL,4,C
C004,202300120,NULL,4,C
C004,202300121,NULL,4,C
C004,202300122,NULL,4,C
C004,202300123,NULL,4,C
C004,202300124,NULL,4,C
C004,202300125,NULL,4,C
C004,202300126,NULL,4,C
C004,202300127,NULL,4,C
C004,202300128,NULL,4,C
C004,202300129,NULL,4,C
C004,202300130,NULL,4,C
C004,202300131,NULL,4,C
C004,202300132,NULL,4,C
C004,202300133,NULL,4,C
C004,202300134,NULL,4,C
C004,202300135,NULL,4,C
C004,202300136,NULL,4,C
C004,202300137,NULL,4,C
C004,202300138,NULL,4,C
C004,202300139,NULL,4,C
C004,202300140,NULL,4,C
C004,202300141,NULL,4,C
C004,202300142,NULL,4,C
C004,202300143,NULL,4,C
C004,202300144,NULL,4,C
C004,202300145,NULL,4,C
C004,202300146,NULL,4,C
C004,202300147,NULL,4,C
C004,202300148,NULL,4,C
C004,202300149,NULL,4,C
C004,202300150,NULL,4,C
C005,202300101,NULL,4,C
C005,202300102,NULL,4,C
C005,202300103,NULL,4,C
C005,202300104,NULL,4,C
C005,202300105,NULL,4,C
C005,202300106,NULL,4,C
C005,202300107,NULL,4,C
C005,202300108,NULL,4,C
C005,202300109,NULL,4,C
C005,202300110,NULL,4,C
C005,202300111,NULL,4,C
C005,202300112,NULL,4,C
C005,202300113,NULL,4,C
C005,202300114,NULL,4,C
C005,202300115,NULL,4,C
C005,202300116,NULL,4,C
C005,202300117,NULL,4,C
C005,202300118,NULL,4,C
C005,202300119,NULL,4,C
C005,202300120,NULL,4,C
C005,202300121,NULL,4,C
C005,202300122,NULL,4,C
C005,202300123,NULL,4,C
C005,202300124,NULL,4,C
C005,202300125,NULL,4,C
C005,202300126,NULL,4,C
C005,202300127,NULL,4,C
C005,202300128,NULL,4,C
C005,202300129,NULL,4,C
C005,202300130,NULL,4,C
C005,202300131,NULL,4,C
C005,202300132,NULL,4,C
C005,202300133,NULL,4,C
C005,202300134,NULL,4,C
C005,202300135,NULL,4,C
C005,202300136,NULL,4,C
C005,202300137,NULL,4,C
C005,202300138,NULL,4,C
C005,202300139,NULL,4,C
C005,202300140,NULL,4,C
C005,202300141,NULL,4,C
C005,202300142,NULL,4,C
C005,202300143,NULL,4,C
C005,202300144,NULL,4,C
C005,202300145,NULL,4,C
C005,202300146,NULL,4,C
C005,202300147,NULL,4,C
C005,202300148,NULL,4,C
C005,202300149,NULL,4,C
C005,202300150,NULL,4,C
G5A-C001,G5A2023001,0,5,A
G5A-C001,G5A2023007,0,5,A
G5A-C001,G5A2023008,0,5,A
G5A-C001,G5A2023009,0,5,A
G5A-C001,G5A2023010,0,5,A
G5A-C001,G5A2023011,0,5,A
G5A-C001,G5A2023017,0,5,A
G5A-C001,G5A2023018,0,5,A
G5A-C001,G5A2023019,0,5,A
G5A-C001,G5A2023020,0,5,A
G5A-C001,G5A2023021,0,5,A
G5A-C001,G5A2023027,0,5,A
G5A-C001,G5A2023028,0,5,A
G5A-C001,G5A2023029,0,5,A
G5A-C001,G5A2023030,0,5,A
G5A-C001,G5A2023031,0,5,A
G5A-C001,G5A2023037,0,5,A
G5A-C001,G5A2023038,0,5,A
G5A-C001,G5A2023039,0,5,A
G5A-C001,G5A2023040,0,5,A
G5A-C001,G5A2023041,0,5,A
G5A-C001,G5A2023047,0,5,A
G5A-C001,G5A2023048,0,5,A
G5A-C001,G5A2023049,0,5,A
G5A-C001,G5A2023050,0,5,A
G5A-C002,G5A2023001,0,5,A
G5A-C002,G5A2023002,0,5,A
G5A-C002,G5A2023008,0,5,A
G5A-C002,G5A2023009,0,5,A
G5A-C002,G5A2023010,0,5,A
G5A-C002,G5A2023011,0,5,A
G5A-C002,G5A2023012,0,5,A
G5A-C002,G5A2023018,0,5,A
G5A-C002,G5A2023019,0,5,A
G5A-C002,G5A2023020,0,5,A
G5A-C002,G5A2023021,0,5,A
G5A-C002,G5A2023022,0,5,A
G5A-C002,G5A2023028,0,5,A
G5A-C002,G5A2023029,0,5,A
G5A-C002,G5A2023030,0,5,A
G5A-C002,G5A2023031,0,5,A
G5A-C002,G5A2023032,0,5,A
G5A-C002,G5A2023038,0,5,A
G5A-C002,G5A2023039,0,5,A
G5A-C002,G5A2023040,0,5,A
G5A-C002,G5A2023041,0,5,A
G5A-C002,G5A2023042,0,5,A
G5A-C002,G5A2023048,0,5,A
G5A-C002,G5A2023049,0,5,A
G5A-C002,G5A2023050,0,5,A
G5A-C003,G5A2023001,0,5,A
G5A-C003,G5A2023002,0,5,A
G5A-C003,G5A2023003,0,5,A
G5A-C003,G5A2023009,0,5,A
G5A-C003,G5A2023010,0,5,A
G5A-C003,G5A2023011,0,5,A
G5A-C003,G5A2023012,0,5,A
G5A-C003,G5A2023013,0,5,A
G5A-C003,G5A2023019,0,5,A
G5A-C003,G5A2023020,0,5,A
G5A-C003,G5A2023021,0,5,A
G5A-C003,G5A2023022,0,5,A
G5A-C003,G5A2023023,0,5,A
G5A-C003,G5A2023029,0,5,A
G5A-C003,G5A2023030,0,5,A
G5A-C003,G5A2023031,0,5,A
G5A-C003,G5A2023032,0,5,A
G5A-C003,G5A2023033,0,5,A
G5A-C003,G5A2023039,0,5,A
G5A-C003,G5A2023040,0,5,A
G5A-C003,G5A2023041,0,5,A
G5A-C003,G5A2023042,0,5,A
G5A-C003,G5A2023043,0,5,A
G5A-C003,G5A2023049,0,5,A
G5A-C003,G5A2023050,0,5,A
G5A-C004,G5A2023001,0,5,A
G5A-C004,G5A2023002,0,5,A
G5A-C004,G5A2023003,0,5,A
G5A-C004,G5A2023004,0,5,A
G5A-C004,G5A2023010,0,5,A
G5A-C004,G5A2023011,0,5,A
G5A-C004,G5A2023012,0,5,A
G5A-C004,G5A2023013,0,5,A
G5A-C004,G5A2023014,0,5,A
G5A-C004,G5A2023020,0,5,A
G5A-C004,G5A2023021,0,5,A
G5A-C004,G5A2023022,0,5,A
G5A-C004,G5A2023023,0,5,A
G5A-C004,G5A2023024,0,5,A
G5A-C004,G5A2023030,0,5,A
G5A-C004,G5A2023031,0,5,A
G5A-C004,G5A2023032,0,5,A
G5A-C004,G5A2023033,0,5,A
G5A-C004,G5A2023034,0,5,A
G5A-C004,G5A2023040,0,5,A
G5A-C004,G5A2023041,0,5,A
G5A-C004,G5A2023042,0,5,A
G5A-C004,G5A2023043,0,5,A
G5A-C004,G5A2023044,0,5,A
G5A-C004,G5A2023050,0,5,A
G5A-C005,G5A2023001,0,5,A
G5A-C005,G5A2023002,0,5,A
G5A-C005,G5A2023003,0,5,A
G5A-C005,G5A2023004,0,5,A
G5A-C005,G5A2023005,0,5,A
G5A-C005,G5A2023011,0,5,A
G5A-C005,G5A2023012,0,5,A
G5A-C005,G5A2023013,0,5,A
G5A-C005,G5A2023014,0,5,A
G5A-C005,G5A2023015,0,5,A
G5A-C005,G5A2023021,0,5,A
G5A-C005,G5A2023022,0,5,A
G5A-C005,G5A2023023,0,5,A
G5A-C005,G5A2023024,0,5,A
G5A-C005,G5A2023025,0,5,A
G5A-C005,G5A2023031,0,5,A
G5A-C005,G5A2023032,0,5,A
G5A-C005,G5A2023033,0,5,A
G5A-C005,G5A2023034,0,5,A
G5A-C005,G5A2023035,0,5,A
G5A-C005,G5A2023041,0,5,A
G5A-C005,G5A2023042,0,5,A
G5A-C005,G5A2023043,0,5,A
G5A-C005,G5A2023044,0,5,A
G5A-C005,G5A2023045,0,5,A
G5A-C006,G5A2023002,0,5,A
G5A-C006,G5A2023003,0,5,A
G5A-C006,G5A2023004,0,5,A
G5A-C006,G5A2023005,0,5,A
G5A-C006,G5A2023006,0,5,A
G5A-C006,G5A2023012,0,5,A
G5A-C006,G5A2023013,0,5,A
G5A-C006,G5A2023014,0,5,A
G5A-C006,G5A2023015,0,5,A
G5A-C006,G5A2023016,0,5,A
G5A-C006,G5A2023022,0,5,A
G5A-C006,G5A2023023,0,5,A
G5A-C006,G5A2023024,0,5,A
G5A-C006,G5A2023025,0,5,A
G5A-C006,G5A2023026,0,5,A
G5A-C006,G5A2023032,0,5,A
G5A-C006,G5A2023033,0,5,A
G5A-C006,G5A2023034,0,5,A
G5A-C006,G5A2023035,0,5,A
G5A-C006,G5A2023036,0,5,A
G5A-C006,G5A2023042,0,5,A
G5A-C006,G5A2023043,0,5,A
G5A-C006,G5A2023044,0,5,A
G5A-C006,G5A2023045,0,5,A
G5A-C006,G5A2023046,0,5,A
G5A-C007,G5A2023003,0,5,A
G5A-C007,G5A2023004,0,5,A
G5A-C007,G5A2023005,0,5,A
G5A-C007,G5A2023006,0,5,A
G5A-C007,G5A2023007,0,5,A
G5A-C007,G5A2023013,0,5,A
G5A-C007,G5A2023014,0,5,A
G5A-C007,G5A2023015,0,5,A
G5A-C007,G5A2023016,0,5,A
G5A-C007,G5A2023017,0,5,A
G5A-C007,G5A2023023,0,5,A
G5A-C007,G5A2023024,0,5,A
G5A-C007,G5A2023025,0,5,A
G5A-C007,G5A2023026,0,5,A
G5A-C007,G5A2023027,0,5,A
G5A-C007,G5A2023033,0,5,A
G5A-C007,G5A2023034,0,5,A
G5A-C007,G5A2023035,0,5,A
G5A-C007,G5A2023036,0,5,A
G5A-C007,G5A2023037,0,5,A
G5A-C007,G5A2023043,0,5,A
G5A-C007,G5A2023044,0,5,A
G5A-C007,G5A2023045,0,5,A
G5A-C007,G5A2023046,0,5,A
G5A-C007,G5A2023047,0,5,A
G5A-C008,G5A2023004,0,5,A
G5A-C008,G5A2023005,0,5,A
G5A-C008,G5A2023006,0,5,A
G5A-C008,G5A2023007,0,5,A
G5A-C008,G5A2023008,0,5,A
G5A-C008,G5A2023014,0,5,A
G5A-C008,G5A2023015,0,5,A
G5A-C008,G5A2023016,0,5,A
G5A-C008,G5A2023017,0,5,A
G5A-C008,G5A2023018,0,5,A
G5A-C008,G5A2023024,0,5,A
G5A-C008,G5A2023025,0,5,A
G5A-C008,G5A2023026,0,5,A
G5A-C008,G5A2023027,0,5,A
G5A-C008,G5A2023028,0,5,A
G5A-C008,G5A2023034,0,5,A
G5A-C008,G5A2023035,0,5,A
G5A-C008,G5A2023036,0,5,A
G5A-C008,G5A2023037,0,5,A
G5A-C008,G5A2023038,0,5,A
G5A-C008,G5A2023044,0,5,A
G5A-C008,G5A2023045,0,5,A
G5A-C008,G5A2023046,0,5,A
G5A-C008,G5A2023047,0,5,A
G5A-C008,G5A2023048,0,5,A
G5A-C009,G5A2023005,0,5,A
G5A-C009,G5A2023006,0,5,A
G5A-C009,G5A2023007,0,5,A
G5A-C009,G5A2023008,0,5,A
G5A-C009,G5A2023009,0,5,A
G5A-C009,G5A2023015,0,5,A
G5A-C009,G5A2023016,0,5,A
G5A-C009,G5A2023017,0,5,A
G5A-C009,G5A2023018,0,5,A
G5A-C009,G5A2023019,0,5,A
G5A-C009,G5A2023025,0,5,A
G5A-C009,G5A2023026,0,5,A
G5A-C009,G5A2023027,0,5,A
G5A-C009,G5A2023028,0,5,A
G5A-C009,G5A2023029,0,5,A
G5A-C009,G5A2023035,0,5,A
G5A-C009,G5A2023036,0,5,A
G5A-C009,G5A2023037,0,5,A
G5A-C009,G5A2023038,0,5,A
G5A-C009,G5A2023039,0,5,A
G5A-C009,G5A2023045,0,5,A
G5A-C009,G5A2023046,0,5,A
G5A-C009,G5A2023047,0,5,A
G5A-C009,G5A2023048,0,5,A
G5A-C009,G5A2023049,0,5,A
G5A-C010,G5A2023006,0,5,A
G5A-C010,G5A2023007,0,5,A
G5A-C010,G5A2023008,0,5,A
G5A-C010,G5A2023009,0,5,A
G5A-C010,G5A2023010,0,5,A
G5A-C010,G5A2023016,0,5,A
G5A-C010,G5A2023017,0,5,A
G5A-C010,G5A2023018,0,5,A
G5A-C010,G5A2023019,0,5,A
G5A-C010,G5A2023020,0,5,A
G5A-C010,G5A2023026,0,5,A
G5A-C010,G5A2023027,0,5,A
G5A-C010,G5A2023028,0,5,A
G5A-C010,G5A2023029,0,5,A
G5A-C010,G5A2023030,0,5,A
G5A-C010,G5A2023036,0,5,A
G5A-C010,G5A2023037,0,5,A
G5A-C010,G5A2023038,0,5,A
G5A-C010,G5A2023039,0,5,A
G5A-C010,G5A2023040,0,5,A
G5A-C010,G5A2023046,0,5,A
G5A-C010,G5A2023047,0,5,A
G5A-C010,G5A2023048,0,5,A
G5A-C010,G5A2023049,0,5,A
G5A-C010,G5A2023050,0,5,A
G5B-C001,G5B2023001,0,5,B
G5B-C001,G5B2023007,0,5,B
G5B-C001,G5B2023008,0,5,B
G5B-C001,G5B2023009,0,5,B
G5B-C001,G5B2023010,0,5,B
G5B-C001,G5B2023011,0,5,B
G5B-C001,G5B2023017,0,5,B
G5B-C001,G5B2023018,0,5,B
G5B-C001,G5B2023019,0,5,B
G5B-C001,G5B2023020,0,5,B
G5B-C001,G5B2023021,0,5,B
G5B-C001,G5B2023027,0,5,B
G5B-C001,G5B2023028,0,5,B
G5B-C001,G5B2023029,0,5,B
G5B-C001,G5B2023030,0,5,B
G5B-C001,G5B2023031,0,5,B
G5B-C001,G5B2023037,0,5,B
G5B-C001,G5B2023038,0,5,B
G5B-C001,G5B2023039,0,5,B
G5B-C001,G5B2023040,0,5,B
G5B-C001,G5B2023041,0,5,B
G5B-C001,G5B2023047,0,5,B
G5B-C001,G5B2023048,0,5,B
G5B-C001,G5B2023049,0,5,B
G5B-C001,G5B2023050,0,5,B
G5B-C002,G5B2023001,0,5,B
G5B-C002,G5B2023002,0,5,B
G5B-C002,G5B2023008,0,5,B
G5B-C002,G5B2023009,0,5,B
G5B-C002,G5B2023010,0,5,B
G5B-C002,G5B2023011,0,5,B
G5B-C002,G5B2023012,0,5,B
G5B-C002,G5B2023018,0,5,B
G5B-C002,G5B2023019,0,5,B
G5B-C002,G5B2023020,0,5,B
G5B-C002,G5B2023021,0,5,B
G5B-C002,G5B2023022,0,5,B
G5B-C002,G5B2023028,0,5,B
G5B-C002,G5B2023029,0,5,B
G5B-C002,G5B2023030,0,5,B
G5B-C002,G5B2023031,0,5,B
G5B-C002,G5B2023032,0,5,B
G5B-C002,G5B2023038,0,5,B
G5B-C002,G5B2023039,0,5,B
G5B-C002,G5B2023040,0,5,B
G5B-C002,G5B2023041,0,5,B
G5B-C002,G5B2023042,0,5,B
G5B-C002,G5B2023048,0,5,B
G5B-C002,G5B2023049,0,5,B
G5B-C002,G5B2023050,0,5,B
G5B-C003,G5B2023001,0,5,B
G5B-C003,G5B2023002,0,5,B
G5B-C003,G5B2023003,0,5,B
G5B-C003,G5B2023009,0,5,B
G5B-C003,G5B2023010,0,5,B
G5B-C003,G5B2023011,0,5,B
G5B-C003,G5B2023012,0,5,B
G5B-C003,G5B2023013,0,5,B
G5B-C003,G5B2023019,0,5,B
G5B-C003,G5B2023020,0,5,B
G5B-C003,G5B2023021,0,5,B
G5B-C003,G5B2023022,0,5,B
G5B-C003,G5B2023023,0,5,B
G5B-C003,G5B2023029,0,5,B
G5B-C003,G5B2023030,0,5,B
G5B-C003,G5B2023031,0,5,B
G5B-C003,G5B2023032,0,5,B
G5B-C003,G5B2023033,0,5,B
G5B-C003,G5B2023039,0,5,B
G5B-C003,G5B2023040,0,5,B
G5B-C003,G5B2023041,0,5,B
G5B-C003,G5B2023042,0,5,B
G5B-C003,G5B2023043,0,5,B
G5B-C003,G5B2023049,0,5,B
G5B-C003,G5B2023050,0,5,B
G5B-C004,G5B2023001,0,5,B
G5B-C004,G5B2023002,0,5,B
G5B-C004,G5B2023003,0,5,B
G5B-C004,G5B2023004,0,5,B
G5B-C004,G5B2023010,0,5,B
G5B-C004,G5B2023011,0,5,B
G5B-C004,G5B2023012,0,5,B
G5B-C004,G5B2023013,0,5,B
G5B-C004,G5B2023014,0,5,B
G5B-C004,G5B2023020,0,5,B
G5B-C004,G5B2023021,0,5,B
G5B-C004,G5B2023022,0,5,B
G5B-C004,G5B2023023,0,5,B
G5B-C004,G5B2023024,0,5,B
G5B-C004,G5B2023030,0,5,B
G5B-C004,G5B2023031,0,5,B
G5B-C004,G5B2023032,0,5,B
G5B-C004,G5B2023033,0,5,B
G5B-C004,G5B2023034,0,5,B
G5B-C004,G5B2023040,0,5,B
G5B-C004,G5B2023041,0,5,B
G5B-C004,G5B2023042,0,5,B
G5B-C004,G5B2023043,0,5,B
G5B-C004,G5B2023044,0,5,B
G5B-C004,G5B2023050,0,5,B
G5B-C005,G5B2023001,0,5,B
G5B-C005,G5B2023002,0,5,B
G5B-C005,G5B2023003,0,5,B
G5B-C005,G5B2023004,0,5,B
G5B-C005,G5B2023005,0,5,B
G5B-C005,G5B2023011,0,5,B
G5B-C005,G5B2023012,0,5,B
G5B-C005,G5B2023013,0,5,B
G5B-C005,G5B2023014,0,5,B
G5B-C005,G5B2023015,0,5,B
G5B-C005,G5B2023021,0,5,B
G5B-C005,G5B2023022,0,5,B
G5B-C005,G5B2023023,0,5,B
G5B-C005,G5B2023024,0,5,B
G5B-C005,G5B2023025,0,5,B
G5B-C005,G5B2023031,0,5,B
G5B-C005,G5B2023032,0,5,B
G5B-C005,G5B2023033,0,5,B
G5B-C005,G5B2023034,0,5,B
G5B-C005,G5B2023035,0,5,B
G5B-C005,G5B2023041,0,5,B
G5B-C005,G5B2023042,0,5,B
G5B-C005,G5B2023043,0,5,B
G5B-C005,G5B2023044,0,5,B
G5B-C005,G5B2023045,0,5,B
G5B-C006,G5B2023002,0,5,B
G5B-C006,G5B2023003,0,5,B
G5B-C006,G5B2023004,0,5,B
G5B-C006,G5B2023005,0,5,B
G5B-C006,G5B2023006,0,5,B
G5B-C006,G5B2023012,0,5,B
G5B-C006,G5B2023013,0,5,B
G5B-C006,G5B2023014,0,5,B
G5B-C006,G5B2023015,0,5,B
G5B-C006,G5B2023016,0,5,B
G5B-C006,G5B2023022,0,5,B
G5B-C006,G5B2023023,0,5,B
G5B-C006,G5B2023024,0,5,B
G5B-C006,G5B2023025,0,5,B
G5B-C006,G5B2023026,0,5,B
G5B-C006,G5B2023032,0,5,B
G5B-C006,G5B2023033,0,5,B
G5B-C006,G5B2023034,0,5,B
G5B-C006,G5B2023035,0,5,B
G5B-C006,G5B2023036,0,5,B
G5B-C006,G5B2023042,0,5,B
G5B-C006,G5B2023043,0,5,B
G5B-C006,G5B2023044,0,5,B
G5B-C006,G5B2023045,0,5,B
G5B-C006,G5B2023046,0,5,B
G5B-C007,G5B2023003,0,5,B
G5B-C007,G5B2023004,0,5,B
G5B-C007,G5B2023005,0,5,B
G5B-C007,G5B2023006,0,5,B
G5B-C007,G5B2023007,0,5,B
G5B-C007,G5B2023013,0,5,B
G5B-C007,G5B2023014,0,5,B
G5B-C007,G5B2023015,0,5,B
G5B-C007,G5B2023016,0,5,B
G5B-C007,G5B2023017,0,5,B
G5B-C007,G5B2023023,0,5,B
G5B-C007,G5B2023024,0,5,B
G5B-C007,G5B2023025,0,5,B
G5B-C007,G5B2023026,0,5,B
G5B-C007,G5B2023027,0,5,B
G5B-C007,G5B2023033,0,5,B
G5B-C007,G5B2023034,0,5,B
G5B-C007,G5B2023035,0,5,B
G5B-C007,G5B2023036,0,5,B
G5B-C007,G5B2023037,0,5,B
G5B-C007,G5B2023043,0,5,B
G5B-C007,G5B2023044,0,5,B
G5B-C007,G5B2023045,0,5,B
G5B-C007,G5B2023046,0,5,B
G5B-C007,G5B2023047,0,5,B
G5B-C008,G5B2023004,0,5,B
G5B-C008,G5B2023005,0,5,B
G5B-C008,G5B2023006,0,5,B
G5B-C008,G5B2023007,0,5,B
G5B-C008,G5B2023008,0,5,B
G5B-C008,G5B2023014,0,5,B
G5B-C008,G5B2023015,0,5,B
G5B-C008,G5B2023016,0,5,B
G5B-C008,G5B2023017,0,5,B
G5B-C008,G5B2023018,0,5,B
G5B-C008,G5B2023024,0,5,B
G5B-C008,G5B2023025,0,5,B
G5B-C008,G5B2023026,0,5,B
G5B-C008,G5B2023027,0,5,B
G5B-C008,G5B2023028,0,5,B
G5B-C008,G5B2023034,0,5,B
G5B-C008,G5B2023035,0,5,B
G5B-C008,G5B2023036,0,5,B
G5B-C008,G5B2023037,0,5,B
G5B-C008,G5B2023038,0,5,B
G5B-C008,G5B2023044,0,5,B
G5B-C008,G5B2023045,0,5,B
G5B-C008,G5B2023046,0,5,B
G5B-C008,G5B2023047,0,5,B
G5B-C008,G5B2023048,0,5,B
G5B-C009,G5B2023005,0,5,B
G5B-C009,G5B2023006,0,5,B
G5B-C009,G5B2023007,0,5,B
G5B-C009,G5B2023008,0,5,B
G5B-C009,G5B2023009,0,5,B
G5B-C009,G5B2023015,0,5,B
G5B-C009,G5B2023016,0,5,B
G5B-C009,G5B2023017,0,5,B
G5B-C009,G5B2023018,0,5,B
G5B-C009,G5B2023019,0,5,B
G5B-C009,G5B2023025,0,5,B
G5B-C009,G5B2023026,0,5,B
G5B-C009,G5B2023027,0,5,B
G5B-C009,G5B2023028,0,5,B
G5B-C009,G5B2023029,0,5,B
G5B-C009,G5B2023035,0,5,B
G5B-C009,G5B2023036,0,5,B
G5B-C009,G5B2023037,0,5,B
G5B-C009,G5B2023038,0,5,B
G5B-C009,G5B2023039,0,5,B
G5B-C009,G5B2023045,0,5,B
G5B-C009,G5B2023046,0,5,B
G5B-C009,G5B2023047,0,5,B
G5B-C009,G5B2023048,0,5,B
G5B-C009,G5B2023049,0,5,B
G5B-C010,G5B2023006,0,5,B
G5B-C010,G5B2023007,0,5,B
G5B-C010,G5B2023008,0,5,B
G5B-C010,G5B2023009,0,5,B
G5B-C010,G5B2023010,0,5,B
G5B-C010,G5B2023016,0,5,B
G5B-C010,G5B2023017,0,5,B
G5B-C010,G5B2023018,0,5,B
G5B-C010,G5B2023019,0,5,B
G5B-C010,G5B2023020,0,5,B
G5B-C010,G5B2023026,0,5,B
G5B-C010,G5B2023027,0,5,B
G5B-C010,G5B2023028,0,5,B
G5B-C010,G5B2023029,0,5,B
G5B-C010,G5B2023030,0,5,B
G5B-C010,G5B2023036,0,5,B
G5B-C010,G5B2023037,0,5,B
G5B-C010,G5B2023038,0,5,B
G5B-C010,G5B2023039,0,5,B
G5B-C010,G5B2023040,0,5,B
G5B-C010,G5B2023046,0,5,B
G5B-C010,G5B2023047,0,5,B
G5B-C010,G5B2023048,0,5,B
G5B-C010,G5B2023049,0,5,B
G5B-C010,G5B2023050,0,5,B
G5C-C001,G5C2023001,0,5,C
G5C-C001,G5C2023007,0,5,C
G5C-C001,G5C2023008,0,5,C
G5C-C001,G5C2023009,0,5,C
G5C-C001,G5C2023010,0,5,C
G5C-C001,G5C2023011,0,5,C
G5C-C001,G5C2023017,0,5,C
G5C-C001,G5C2023018,0,5,C
G5C-C001,G5C2023019,0,5,C
G5C-C001,G5C2023020,0,5,C
G5C-C001,G5C2023021,0,5,C
G5C-C001,G5C2023027,0,5,C
G5C-C001,G5C2023028,0,5,C
G5C-C001,G5C2023029,0,5,C
G5C-C001,G5C2023030,0,5,C
G5C-C001,G5C2023031,0,5,C
G5C-C001,G5C2023037,0,5,C
G5C-C001,G5C2023038,0,5,C
G5C-C001,G5C2023039,0,5,C
G5C-C001,G5C2023040,0,5,C
G5C-C001,G5C2023041,0,5,C
G5C-C001,G5C2023047,0,5,C
G5C-C001,G5C2023048,0,5,C
G5C-C001,G5C2023049,0,5,C
G5C-C001,G5C2023050,0,5,C
G5C-C002,G5C2023001,0,5,C
G5C-C002,G5C2023002,0,5,C
G5C-C002,G5C2023008,0,5,C
G5C-C002,G5C2023009,0,5,C
G5C-C002,G5C2023010,0,5,C
G5C-C002,G5C2023011,0,5,C
G5C-C002,G5C2023012,0,5,C
G5C-C002,G5C2023018,0,5,C
G5C-C002,G5C2023019,0,5,C
G5C-C002,G5C2023020,0,5,C
G5C-C002,G5C2023021,0,5,C
G5C-C002,G5C2023022,0,5,C
G5C-C002,G5C2023028,0,5,C
G5C-C002,G5C2023029,0,5,C
G5C-C002,G5C2023030,0,5,C
G5C-C002,G5C2023031,0,5,C
G5C-C002,G5C2023032,0,5,C
G5C-C002,G5C2023038,0,5,C
G5C-C002,G5C2023039,0,5,C
G5C-C002,G5C2023040,0,5,C
G5C-C002,G5C2023041,0,5,C
G5C-C002,G5C2023042,0,5,C
G5C-C002,G5C2023048,0,5,C
G5C-C002,G5C2023049,0,5,C
G5C-C002,G5C2023050,0,5,C
G5C-C003,G5C2023001,0,5,C
G5C-C003,G5C2023002,0,5,C
G5C-C003,G5C2023003,0,5,C
G5C-C003,G5C2023009,0,5,C
G5C-C003,G5C2023010,0,5,C
G5C-C003,G5C2023011,0,5,C
G5C-C003,G5C2023012,0,5,C
G5C-C003,G5C2023013,0,5,C
G5C-C003,G5C2023019,0,5,C
G5C-C003,G5C2023020,0,5,C
G5C-C003,G5C2023021,0,5,C
G5C-C003,G5C2023022,0,5,C
G5C-C003,G5C2023023,0,5,C
G5C-C003,G5C2023029,0,5,C
G5C-C003,G5C2023030,0,5,C
G5C-C003,G5C2023031,0,5,C
G5C-C003,G5C2023032,0,5,C
G5C-C003,G5C2023033,0,5,C
G5C-C003,G5C2023039,0,5,C
G5C-C003,G5C2023040,0,5,C
G5C-C003,G5C2023041,0,5,C
G5C-C003,G5C2023042,0,5,C
G5C-C003,G5C2023043,0,5,C
G5C-C003,G5C2023049,0,5,C
G5C-C003,G5C2023050,0,5,C
G5C-C004,G5C2023001,0,5,C
G5C-C004,G5C2023002,0,5,C
G5C-C004,G5C2023003,0,5,C
G5C-C004,G5C2023004,0,5,C
G5C-C004,G5C2023010,0,5,C
G5C-C004,G5C2023011,0,5,C
G5C-C004,G5C2023012,0,5,C
G5C-C004,G5C2023013,0,5,C
G5C-C004,G5C2023014,0,5,C
G5C-C004,G5C2023020,0,5,C
G5C-C004,G5C2023021,0,5,C
G5C-C004,G5C2023022,0,5,C
G5C-C004,G5C2023023,0,5,C
G5C-C004,G5C2023024,0,5,C
G5C-C004,G5C2023030,0,5,C
G5C-C004,G5C2023031,0,5,C
G5C-C004,G5C2023032,0,5,C
G5C-C004,G5C2023033,0,5,C
G5C-C004,G5C2023034,0,5,C
G5C-C004,G5C2023040,0,5,C
G5C-C004,G5C2023041,0,5,C
G5C-C004,G5C2023042,0,5,C
G5C-C004,G5C2023043,0,5,C
G5C-C004,G5C2023044,0,5,C
G5C-C004,G5C2023050,0,5,C
G5C-C005,G5C2023001,0,5,C
G5C-C005,G5C2023002,0,5,C
G5C-C005,G5C2023003,0,5,C
G5C-C005,G5C2023004,0,5,C
G5C-C005,G5C2023005,0,5,C
G5C-C005,G5C2023011,0,5,C
G5C-C005,G5C2023012,0,5,C
G5C-C005,G5C2023013,0,5,C
G5C-C005,G5C2023014,0,5,C
G5C-C005,G5C2023015,0,5,C
G5C-C005,G5C2023021,0,5,C
G5C-C005,G5C2023022,0,5,C
G5C-C005,G5C2023023,0,5,C
G5C-C005,G5C2023024,0,5,C
G5C-C005,G5C2023025,0,5,C
G5C-C005,G5C2023031,0,5,C
G5C-C005,G5C2023032,0,5,C
G5C-C005,G5C2023033,0,5,C
G5C-C005,G5C2023034,0,5,C
G5C-C005,G5C2023035,0,5,C
G5C-C005,G5C2023041,0,5,C
G5C-C005,G5C2023042,0,5,C
G5C-C005,G5C2023043,0,5,C
G5C-C005,G5C2023044,0,5,C
G5C-C005,G5C2023045,0,5,C
G5C-C006,G5C2023002,0,5,C
G5C-C006,G5C2023003,0,5,C
G5C-C006,G5C2023004,0,5,C
G5C-C006,G5C2023005,0,5,C
G5C-C006,G5C2023006,0,5,C
G5C-C006,G5C2023012,0,5,C
G5C-C006,G5C2023013,0,5,C
G5C-C006,G5C2023014,0,5,C
G5C-C006,G5C2023015,0,5,C
G5C-C006,G5C2023016,0,5,C
G5C-C006,G5C2023022,0,5,C
G5C-C006,G5C2023023,0,5,C
G5C-C006,G5C2023024,0,5,C
G5C-C006,G5C2023025,0,5,C
G5C-C006,G5C2023026,0,5,C
G5C-C006,G5C2023032,0,5,C
G5C-C006,G5C2023033,0,5,C
G5C-C006,G5C2023034,0,5,C
G5C-C006,G5C2023035,0,5,C
G5C-C006,G5C2023036,0,5,C
G5C-C006,G5C2023042,0,5,C
G5C-C006,G5C2023043,0,5,C
G5C-C006,G5C2023044,0,5,C
G5C-C006,G5C2023045,0,5,C
G5C-C006,G5C2023046,0,5,C
G5C-C007,G5C2023003,0,5,C
G5C-C007,G5C2023004,0,5,C
G5C-C007,G5C2023005,0,5,C
G5C-C007,G5C2023006,0,5,C
G5C-C007,G5C2023007,0,5,C
G5C-C007,G5C2023013,0,5,C
G5C-C007,G5C2023014,0,5,C
G5C-C007,G5C2023015,0,5,C
G5C-C007,G5C2023016,0,5,C
G5C-C007,G5C2023017,0,5,C
G5C-C007,G5C2023023,0,5,C
G5C-C007,G5C2023024,0,5,C
G5C-C007,G5C2023025,0,5,C
G5C-C007,G5C2023026,0,5,C
G5C-C007,G5C2023027,0,5,C
G5C-C007,G5C2023033,0,5,C
G5C-C007,G5C2023034,0,5,C
G5C-C007,G5C2023035,0,5,C
G5C-C007,G5C2023036,0,5,C
G5C-C007,G5C2023037,0,5,C
G5C-C007,G5C2023043,0,5,C
G5C-C007,G5C2023044,0,5,C
G5C-C007,G5C2023045,0,5,C
G5C-C007,G5C2023046,0,5,C
G5C-C007,G5C2023047,0,5,C
G5C-C008,G5C2023004,0,5,C
G5C-C008,G5C2023005,0,5,C
G5C-C008,G5C2023006,0,5,C
G5C-C008,G5C2023007,0,5,C
G5C-C008,G5C2023008,0,5,C
G5C-C008,G5C2023014,0,5,C
G5C-C008,G5C2023015,0,5,C
G5C-C008,G5C2023016,0,5,C
G5C-C008,G5C2023017,0,5,C
G5C-C008,G5C2023018,0,5,C
G5C-C008,G5C2023024,0,5,C
G5C-C008,G5C2023025,0,5,C
G5C-C008,G5C2023026,0,5,C
G5C-C008,G5C2023027,0,5,C
G5C-C008,G5C2023028,0,5,C
G5C-C008,G5C2023034,0,5,C
G5C-C008,G5C2023035,0,5,C
G5C-C008,G5C2023036,0,5,C
G5C-C008,G5C2023037,0,5,C
G5C-C008,G5C2023038,0,5,C
G5C-C008,G5C2023044,0,5,C
G5C-C008,G5C2023045,0,5,C
G5C-C008,G5C2023046,0,5,C
G5C-C008,G5C2023047,0,5,C
G5C-C008,G5C2023048,0,5,C
G5C-C009,G5C2023005,0,5,C
G5C-C009,G5C2023006,0,5,C
G5C-C009,G5C2023007,0,5,C
G5C-C009,G5C2023008,0,5,C
G5C-C009,G5C2023009,0,5,C
G5C-C009,G5C2023015,0,5,C
G5C-C009,G5C2023016,0,5,C
G5C-C009,G5C2023017,0,5,C
G5C-C009,G5C2023018,0,5,C
G5C-C009,G5C2023019,0,5,C
G5C-C009,G5C2023025,0,5,C
G5C-C009,G5C2023026,0,5,C
G5C-C009,G5C2023027,0,5,C
G5C-C009,G5C2023028,0,5,C
G5C-C009,G5C2023029,0,5,C
G5C-C009,G5C2023035,0,5,C
G5C-C009,G5C2023036,0,5,C
G5C-C009,G5C2023037,0,5,C
G5C-C009,G5C2023038,0,5,C
G5C-C009,G5C2023039,0,5,C
G5C-C009,G5C2023045,0,5,C
G5C-C009,G5C2023046,0,5,C
G5C-C009,G5C2023047,0,5,C
G5C-C009,G5C2023048,0,5,C
G5C-C009,G5C2023049,0,5,C
G5C-C010,G5C2023006,0,5,C
G5C-C010,G5C2023007,0,5,C
G5C-C010,G5C2023008,0,5,C
G5C-C010,G5C2023009,0,5,C
G5C-C010,G5C2023010,0,5,C
G5C-C010,G5C2023016,0,5,C
G5C-C010,G5C2023017,0,5,C
G5C-C010,G5C2023018,0,5,C
G5C-C010,G5C2023019,0,5,C
G5C-C010,G5C2023020,0,5,C
G5C-C010,G5C2023026,0,5,C
G5C-C010,G5C2023027,0,5,C
G5C-C010,G5C2023028,0,5,C
G5C-C010,G5C2023029,0,5,C
G5C-C010,G5C2023030,0,5,C
G5C-C010,G5C2023036,0,5,C
G5C-C010,G5C2023037,0,5,C
G5C-C010,G5C2023038,0,5,C
G5C-C010,G5C2023039,0,5,C
G5C-C010,G5C2023040,0,5,C
G5C-C010,G5C2023046,0,5,C
G5C-C010,G5C2023047,0,5,C
G5C-C010,G5C2023048,0,5,C
G5C-C010,G5C2023049,0,5,C
G5C-C010,G5C2023050,0,5,C
AI01,B20230003,89,8,B
AI01,B20230004,88,8,B
AI01,B20230005,87,8,B
AI01,B20230006,86,8,B
AI01,B20230007,85,8,B
AI01,B20230013,77,8,B
AI01,B20230014,76,8,B
AI01,B20230015,75,8,B
AI01,B20230016,74,8,B
AI01,B20230017,73,8,B
AI01,B20230023,97,8,B
AI01,B20230024,96,8,B
AI01,B20230025,95,8,B
AI01,B20230026,94,8,B
AI01,B20230027,93,8,B
AI01,B20230033,85,8,B
AI01,B20230034,84,8,B
AI01,B20230035,83,8,B
AI01,B20230036,82,8,B
AI01,B20230037,81,8,B
AI01,B20230043,73,8,B
AI01,B20230044,72,8,B
AI01,B20230045,71,8,B
AI01,B20230046,70,8,B
AI01,B20230047,69,8,B
AI02,B20230004,91,8,B
AI02,B20230005,90,8,B
AI02,B20230006,89,8,B
AI02,B20230007,88,8,B
AI02,B20230008,87,8,B
AI02,B20230014,79,8,B
AI02,B20230015,78,8,B
AI02,B20230016,77,8,B
AI02,B20230017,76,8,B
AI02,B20230018,75,8,B
AI02,B20230024,99,8,B
AI02,B20230025,98,8,B
AI02,B20230026,97,8,B
AI02,B20230027,96,8,B
AI02,B20230028,95,8,B
AI02,B20230034,87,8,B
AI02,B20230035,86,8,B
AI02,B20230036,85,8,B
AI02,B20230037,84,8,B
AI02,B20230038,83,8,B
AI02,B20230044,75,8,B
AI02,B20230045,74,8,B
AI02,B20230046,73,8,B
AI02,B20230047,72,8,B
AI02,B20230048,71,8,B
AI03,B20230005,93,8,B
AI03,B20230006,92,8,B
AI03,B20230007,91,8,B
AI03,B20230008,90,8,B
AI03,B20230009,89,8,B
AI03,B20230015,81,8,B
AI03,B20230016,80,8,B
AI03,B20230017,79,8,B
AI03,B20230018,78,8,B
AI03,B20230019,77,8,B
AI03,B20230025,69,8,B
AI03,B20230026,68,8,B
AI03,B20230027,99,8,B
AI03,B20230028,98,8,B
AI03,B20230029,97,8,B
AI03,B20230035,89,8,B
AI03,B20230036,88,8,B
AI03,B20230037,87,8,B
AI03,B20230038,86,8,B
AI03,B20230039,85,8,B
AI03,B20230045,77,8,B
AI03,B20230046,76,8,B
AI03,B20230047,75,8,B
AI03,B20230048,74,8,B
AI03,B20230049,73,8,B
AI04,B20230006,95,8,B
AI04,B20230007,94,8,B
AI04,B20230008,93,8,B
AI04,B20230009,92,8,B
AI04,B20230010,91,8,B
AI04,B20230016,83,8,B
AI04,B20230017,82,8,B
AI04,B20230018,81,8,B
AI04,B20230019,80,8,B
AI04,B20230020,79,8,B
AI04,B20230026,71,8,B
AI04,B20230027,70,8,B
AI04,B20230028,69,8,B
AI04,B20230029,68,8,B
AI04,B20230030,99,8,B
AI04,B20230036,91,8,B
AI04,B20230037,90,8,B
AI04,B20230038,89,8,B
AI04,B20230039,88,8,B
AI04,B20230040,87,8,B
AI04,B20230046,79,8,B
AI04,B20230047,78,8,B
AI04,B20230048,77,8,B
AI04,B20230049,76,8,B
AI04,B20230050,75,8,B
BP001,B20230001,73,8,B
BP001,B20230007,97,8,B
BP001,B20230008,96,8,B
BP001,B20230009,95,8,B
BP001,B20230010,94,8,B
BP001,B20230011,93,8,B
BP001,B20230017,85,8,B
BP001,B20230018,84,8,B
BP001,B20230019,83,8,B
BP001,B20230020,82,8,B
BP001,B20230021,81,8,B
BP001,B20230027,73,8,B
BP001,B20230028,72,8,B
BP001,B20230029,71,8,B
BP001,B20230030,70,8,B
BP001,B20230031,69,8,B
BP001,B20230037,93,8,B
BP001,B20230038,92,8,B
BP001,B20230039,91,8,B
BP001,B20230040,90,8,B
BP001,B20230041,89,8,B
BP001,B20230047,81,8,B
BP001,B20230048,80,8,B
BP001,B20230049,79,8,B
BP001,B20230050,78,8,B
BP002,B20230001,76,8,B
BP002,B20230002,75,8,B
BP002,B20230008,99,8,B
BP002,B20230009,98,8,B
BP002,B20230010,97,8,B
BP002,B20230011,96,8,B
BP002,B20230012,95,8,B
BP002,B20230018,87,8,B
BP002,B20230019,86,8,B
BP002,B20230020,85,8,B
BP002,B20230021,84,8,B
BP002,B20230022,83,8,B
BP002,B20230028,75,8,B
BP002,B20230029,74,8,B
BP002,B20230030,73,8,B
BP002,B20230031,72,8,B
BP002,B20230032,71,8,B
BP002,B20230038,95,8,B
BP002,B20230039,94,8,B
BP002,B20230040,93,8,B
BP002,B20230041,92,8,B
BP002,B20230042,91,8,B
BP002,B20230048,83,8,B
BP002,B20230049,82,8,B
BP002,B20230050,81,8,B
BP003,B20230001,79,8,B
BP003,B20230002,78,8,B
BP003,B20230003,77,8,B
BP003,B20230009,69,8,B
BP003,B20230010,68,8,B
BP003,B20230011,99,8,B
BP003,B20230012,98,8,B
BP003,B20230013,97,8,B
BP003,B20230019,89,8,B
BP003,B20230020,88,8,B
BP003,B20230021,87,8,B
BP003,B20230022,86,8,B
BP003,B20230023,85,8,B
BP003,B20230029,77,8,B
BP003,B20230030,76,8,B
BP003,B20230031,75,8,B
BP003,B20230032,74,8,B
BP003,B20230033,73,8,B
BP003,B20230039,97,8,B
BP003,B20230040,96,8,B
BP003,B20230041,95,8,B
BP003,B20230042,94,8,B
BP003,B20230043,93,8,B
BP003,B20230049,85,8,B
BP003,B20230050,84,8,B
BP004,B20230001,82,8,B
BP004,B20230002,81,8,B
BP004,B20230003,80,8,B
BP004,B20230004,79,8,B
BP004,B20230010,71,8,B
BP004,B20230011,70,8,B
BP004,B20230012,69,8,B
BP004,B20230013,68,8,B
BP004,B20230014,99,8,B
BP004,B20230020,91,8,B
BP004,B20230021,90,8,B
BP004,B20230022,89,8,B
BP004,B20230023,88,8,B
BP004,B20230024,87,8,B
BP004,B20230030,79,8,B
BP004,B20230031,78,8,B
BP004,B20230032,77,8,B
BP004,B20230033,76,8,B
BP004,B20230034,75,8,B
BP004,B20230040,99,8,B
BP004,B20230041,98,8,B
BP004,B20230042,97,8,B
BP004,B20230043,96,8,B
BP004,B20230044,95,8,B
BP004,B20230050,87,8,B
BP005,B20230001,85,8,B
BP005,B20230002,84,8,B
BP005,B20230003,83,8,B
BP005,B20230004,82,8,B
BP005,B20230005,81,8,B
BP005,B20230011,73,8,B
BP005,B20230012,72,8,B
BP005,B20230013,71,8,B
BP005,B20230014,70,8,B
BP005,B20230015,69,8,B
BP005,B20230021,93,8,B
BP005,B20230022,92,8,B
BP005,B20230023,91,8,B
BP005,B20230024,90,8,B
BP005,B20230025,89,8,B
BP005,B20230031,81,8,B
BP005,B20230032,80,8,B
BP005,B20230033,79,8,B
BP005,B20230034,78,8,B
BP005,B20230035,77,8,B
BP005,B20230041,69,8,B
BP005,B20230042,68,8,B
BP005,B20230043,99,8,B
BP005,B20230044,98,8,B
BP005,B20230045,97,8,B
BP006,B20230002,87,8,B
BP006,B20230003,86,8,B
BP006,B20230004,85,8,B
BP006,B20230005,84,8,B
BP006,B20230006,83,8,B
BP006,B20230012,75,8,B
BP006,B20230013,74,8,B
BP006,B20230014,73,8,B
BP006,B20230015,72,8,B
BP006,B20230016,71,8,B
BP006,B20230022,95,8,B
BP006,B20230023,94,8,B
BP006,B20230024,93,8,B
BP006,B20230025,92,8,B
BP006,B20230026,91,8,B
BP006,B20230032,83,8,B
BP006,B20230033,82,8,B
BP006,B20230034,81,8,B
BP006,B20230035,80,8,B
BP006,B20230036,79,8,B
BP006,B20230042,71,8,B
BP006,B20230043,70,8,B
BP006,B20230044,69,8,B
BP006,B20230045,68,8,B
BP006,B20230046,99,8,B
CA01,2023CA000003,89,8,A
CA01,2023CA000004,88,8,A
CA01,2023CA000005,87,8,A
CA01,2023CA000006,86,8,A
CA01,2023CA000007,85,8,A
CA01,2023CA000013,77,8,A
CA01,2023CA000014,76,8,A
CA01,2023CA000015,75,8,A
CA01,2023CA000016,74,8,A
CA01,2023CA000017,73,8,A
CA01,2023CA000023,97,8,A
CA01,2023CA000024,96,8,A
CA01,2023CA000025,95,8,A
CA01,2023CA000026,94,8,A
CA01,2023CA000027,93,8,A
CA01,2023CA000033,85,8,A
CA01,2023CA000034,84,8,A
CA01,2023CA000035,83,8,A
CA01,2023CA000036,82,8,A
CA01,2023CA000037,81,8,A
CA01,2023CA000043,73,8,A
CA01,2023CA000044,72,8,A
CA01,2023CA000045,71,8,A
CA01,2023CA000046,70,8,A
CA01,2023CA000047,69,8,A
CA02,2023CA000004,91,8,A
CA02,2023CA000005,90,8,A
CA02,2023CA000006,89,8,A
CA02,2023CA000007,88,8,A
CA02,2023CA000008,87,8,A
CA02,2023CA000014,79,8,A
CA02,2023CA000015,78,8,A
CA02,2023CA000016,77,8,A
CA02,2023CA000017,76,8,A
CA02,2023CA000018,75,8,A
CA02,2023CA000024,99,8,A
CA02,2023CA000025,98,8,A
CA02,2023CA000026,97,8,A
CA02,2023CA000027,96,8,A
CA02,2023CA000028,95,8,A
CA02,2023CA000034,87,8,A
CA02,2023CA000035,86,8,A
CA02,2023CA000036,85,8,A
CA02,2023CA000037,84,8,A
CA02,2023CA000038,83,8,A
CA02,2023CA000044,75,8,A
CA02,2023CA000045,74,8,A
CA02,2023CA000046,73,8,A
CA02,2023CA000047,72,8,A
CA02,2023CA000048,71,8,A
CA03,2023CA000005,93,8,A
CA03,2023CA000006,92,8,A
CA03,2023CA000007,91,8,A
CA03,2023CA000008,90,8,A
CA03,2023CA000009,89,8,A
CA03,2023CA000015,81,8,A
CA03,2023CA000016,80,8,A
CA03,2023CA000017,79,8,A
CA03,2023CA000018,78,8,A
CA03,2023CA000019,77,8,A
CA03,2023CA000025,69,8,A
CA03,2023CA000026,68,8,A
CA03,2023CA000027,99,8,A
CA03,2023CA000028,98,8,A
CA03,2023CA000029,97,8,A
CA03,2023CA000035,89,8,A
CA03,2023CA000036,88,8,A
CA03,2023CA000037,87,8,A
CA03,2023CA000038,86,8,A
CA03,2023CA000039,85,8,A
CA03,2023CA000045,77,8,A
CA03,2023CA000046,76,8,A
CA03,2023CA000047,75,8,A
CA03,2023CA000048,74,8,A
CA03,2023CA000049,73,8,A
CA04,2023CA000006,95,8,A
CA04,2023CA000007,94,8,A
CA04,2023CA000008,93,8,A
CA04,2023CA000009,92,8,A
CA04,2023CA000010,91,8,A
CA04,2023CA000016,83,8,A
CA04,2023CA000017,82,8,A
CA04,2023CA000018,81,8,A
CA04,2023CA000019,80,8,A
CA04,2023CA000020,79,8,A
CA04,2023CA000026,71,8,A
CA04,2023CA000027,70,8,A
CA04,2023CA000028,69,8,A
CA04,2023CA000029,68,8,A
CA04,2023CA000030,99,8,A
CA04,2023CA000036,91,8,A
CA04,2023CA000037,90,8,A
CA04,2023CA000038,89,8,A
CA04,2023CA000039,88,8,A
CA04,2023CA000040,87,8,A
CA04,2023CA000046,79,8,A
CA04,2023CA000047,78,8,A
CA04,2023CA000048,77,8,A
CA04,2023CA000049,76,8,A
CA04,2023CA000050,75,8,A
CP001,C20230001,73,8,C
CP001,C20230007,97,8,C
CP001,C20230008,96,8,C
CP001,C20230009,95,8,C
CP001,C20230010,94,8,C
CP001,C20230011,93,8,C
CP001,C20230017,85,8,C
CP001,C20230018,84,8,C
CP001,C20230019,83,8,C
CP001,C20230020,82,8,C
CP001,C20230021,81,8,C
CP001,C20230027,73,8,C
CP001,C20230028,72,8,C
CP001,C20230029,71,8,C
CP001,C20230030,70,8,C
CP001,C20230031,69,8,C
CP001,C20230037,93,8,C
CP001,C20230038,92,8,C
CP001,C20230039,91,8,C
CP001,C20230040,90,8,C
CP001,C20230041,89,8,C
CP001,C20230047,81,8,C
CP001,C20230048,80,8,C
CP001,C20230049,79,8,C
CP001,C20230050,78,8,C
CP002,C20230001,76,8,C
CP002,C20230002,75,8,C
CP002,C20230008,99,8,C
CP002,C20230009,98,8,C
CP002,C20230010,97,8,C
CP002,C20230011,96,8,C
CP002,C20230012,95,8,C
CP002,C20230018,87,8,C
CP002,C20230019,86,8,C
CP002,C20230020,85,8,C
CP002,C20230021,84,8,C
CP002,C20230022,83,8,C
CP002,C20230028,75,8,C
CP002,C20230029,74,8,C
CP002,C20230030,73,8,C
CP002,C20230031,72,8,C
CP002,C20230032,71,8,C
CP002,C20230038,95,8,C
CP002,C20230039,94,8,C
CP002,C20230040,93,8,C
CP002,C20230041,92,8,C
CP002,C20230042,91,8,C
CP002,C20230048,83,8,C
CP002,C20230049,82,8,C
CP002,C20230050,81,8,C
CP003,C20230001,79,8,C
CP003,C20230002,78,8,C
CP003,C20230003,77,8,C
CP003,C20230009,69,8,C
CP003,C20230010,68,8,C
CP003,C20230011,99,8,C
CP003,C20230012,98,8,C
CP003,C20230013,97,8,C
CP003,C20230019,89,8,C
CP003,C20230020,88,8,C
CP003,C20230021,87,8,C
CP003,C20230022,86,8,C
CP003,C20230023,85,8,C
CP003,C20230029,77,8,C
CP003,C20230030,76,8,C
CP003,C20230031,75,8,C
CP003,C20230032,74,8,C
CP003,C20230033,73,8,C
CP003,C20230039,97,8,C
CP003,C20230040,96,8,C
CP003,C20230041,95,8,C
CP003,C20230042,94,8,C
CP003,C20230043,93,8,C
CP003,C20230049,85,8,C
CP003,C20230050,84,8,C
CP004,C20230001,82,8,C
CP004,C20230002,81,8,C
CP004,C20230003,80,8,C
CP004,C20230004,79,8,C
CP004,C20230010,71,8,C
CP004,C20230011,70,8,C
CP004,C20230012,69,8,C
CP004,C20230013,68,8,C
CP004,C20230014,99,8,C
CP004,C20230020,91,8,C
CP004,C20230021,90,8,C
CP004,C20230022,89,8,C
CP004,C20230023,88,8,C
CP004,C20230024,87,8,C
CP004,C20230030,79,8,C
CP004,C20230031,78,8,C
CP004,C20230032,77,8,C
CP004,C20230033,76,8,C
CP004,C20230034,75,8,C
CP004,C20230040,99,8,C
CP004,C20230041,98,8,C
CP004,C20230042,97,8,C
CP004,C20230043,96,8,C
CP004,C20230044,95,8,C
CP004,C20230050,87,8,C
CP005,C20230001,85,8,C
CP005,C20230002,84,8,C
CP005,C20230003,83,8,C
CP005,C20230004,82,8,C
CP005,C20230005,81,8,C
CP005,C20230011,73,8,C
CP005,C20230012,72,8,C
CP005,C20230013,71,8,C
CP005,C20230014,70,8,C
CP005,C20230015,69,8,C
CP005,C20230021,93,8,C
CP005,C20230022,92,8,C
CP005,C20230023,91,8,C
CP005,C20230024,90,8,C
CP005,C20230025,89,8,C
CP005,C20230031,81,8,C
CP005,C20230032,80,8,C
CP005,C20230033,79,8,C
CP005,C20230034,78,8,C
CP005,C20230035,77,8,C
CP005,C20230041,69,8,C
CP005,C20230042,68,8,C
CP005,C20230043,99,8,C
CP005,C20230044,98,8,C
CP005,C20230045,97,8,C
CP006,C20230002,87,8,C
CP006,C20230003,86,8,C
CP006,C20230004,85,8,C
CP006,C20230005,84,8,C
CP006,C20230006,83,8,C
CP006,C20230012,75,8,C
CP006,C20230013,74,8,C
CP006,C20230014,73,8,C
CP006,C20230015,72,8,C
CP006,C20230016,71,8,C
CP006,C20230022,95,8,C
CP006,C20230023,94,8,C
CP006,C20230024,93,8,C
CP006,C20230025,92,8,C
CP006,C20230026,91,8,C
CP006,C20230032,83,8,C
CP006,C20230033,82,8,C
CP006,C20230034,81,8,C
CP006,C20230035,80,8,C
CP006,C20230036,79,8,C
CP006,C20230042,71,8,C
CP006,C20230043,70,8,C
CP006,C20230044,69,8,C
CP006,C20230045,68,8,C
CP006,C20230046,99,8,C
P001,2023CA000001,73,8,A
P001,2023CA000007,97,8,A
P001,2023CA000008,96,8,A
P001,2023CA000009,95,8,A
P001,2023CA000010,94,8,A
P001,2023CA000011,93,8,A
P001,2023CA000017,85,8,A
P001,2023CA000018,84,8,A
P001,2023CA000019,83,8,A
P001,2023CA000020,82,8,A
P001,2023CA000021,81,8,A
P001,2023CA000027,73,8,A
P001,2023CA000028,72,8,A
P001,2023CA000029,71,8,A
P001,2023CA000030,70,8,A
P001,2023CA000031,69,8,A
P001,2023CA000037,93,8,A
P001,2023CA000038,92,8,A
P001,2023CA000039,91,8,A
P001,2023CA000040,90,8,A
P001,2023CA000041,89,8,A
P001,2023CA000047,81,8,A
P001,2023CA000048,80,8,A
P001,2023CA000049,79,8,A
P001,2023CA000050,78,8,A
P002,2023CA000001,76,8,A
P002,2023CA000002,75,8,A
P002,2023CA000008,99,8,A
P002,2023CA000009,98,8,A
P002,2023CA000010,97,8,A
P002,2023CA000011,96,8,A
P002,2023CA000012,95,8,A
P002,2023CA000018,87,8,A
P002,2023CA000019,86,8,A
P002,2023CA000020,85,8,A
P002,2023CA000021,84,8,A
P002,2023CA000022,83,8,A
P002,2023CA000028,75,8,A
P002,2023CA000029,74,8,A
P002,2023CA000030,73,8,A
P002,2023CA000031,72,8,A
P002,2023CA000032,71,8,A
P002,2023CA000038,95,8,A
P002,2023CA000039,94,8,A
P002,2023CA000040,93,8,A
P002,2023CA000041,92,8,A
P002,2023CA000042,91,8,A
P002,2023CA000048,83,8,A
P002,2023CA000049,82,8,A
P002,2023CA000050,81,8,A
P003,2023CA000001,79,8,A
P003,2023CA000002,78,8,A
P003,2023CA000003,77,8,A
P003,2023CA000009,69,8,A
P003,2023CA000010,68,8,A
P003,2023CA000011,99,8,A
P003,2023CA000012,98,8,A
P003,2023CA000013,97,8,A
P003,2023CA000019,89,8,A
P003,2023CA000020,88,8,A
P003,2023CA000021,87,8,A
P003,2023CA000022,86,8,A
P003,2023CA000023,85,8,A
P003,2023CA000029,77,8,A
P003,2023CA000030,76,8,A
P003,2023CA000031,75,8,A
P003,2023CA000032,74,8,A
P003,2023CA000033,73,8,A
P003,2023CA000039,97,8,A
P003,2023CA000040,96,8,A
P003,2023CA000041,95,8,A
P003,2023CA000042,94,8,A
P003,2023CA000043,93,8,A
P003,2023CA000049,85,8,A
P003,2023CA000050,84,8,A
P004,2023CA000001,82,8,A
P004,2023CA000002,81,8,A
P004,2023CA000003,80,8,A
P004,2023CA000004,79,8,A
P004,2023CA000010,71,8,A
P004,2023CA000011,70,8,A
P004,2023CA000012,69,8,A
P004,2023CA000013,68,8,A
P004,2023CA000014,99,8,A
P004,2023CA000020,91,8,A
P004,2023CA000021,90,8,A
P004,2023CA000022,89,8,A
P004,2023CA000023,88,8,A
P004,2023CA000024,87,8,A
P004,2023CA000030,79,8,A
P004,2023CA000031,78,8,A
P004,2023CA000032,77,8,A
P004,2023CA000033,76,8,A
P004,2023CA000034,75,8,A
P004,2023CA000040,99,8,A
P004,2023CA000041,98,8,A
P004,2023CA000042,97,8,A
P004,2023CA000043,96,8,A
P004,2023CA000044,95,8,A
P004,2023CA000050,87,8,A
P005,2023CA000001,85,8,A
P005,2023CA000002,84,8,A
P005,2023CA000003,83,8,A
P005,2023CA000004,82,8,A
P005,2023CA000005,81,8,A
P005,2023CA000011,73,8,A
P005,2023CA000012,72,8,A
P005,2023CA000013,71,8,A
P005,2023CA000014,70,8,A
P005,2023CA000015,69,8,A
P005,2023CA000021,93,8,A
P005,2023CA000022,92,8,A
P005,2023CA000023,91,8,A
P005,2023CA000024,90,8,A
P005,2023CA000025,89,8,A
P005,2023CA000031,81,8,A
P005,2023CA000032,80,8,A
P005,2023CA000033,79,8,A
P005,2023CA000034,78,8,A
P005,2023CA000035,77,8,A
P005,2023CA000041,69,8,A
P005,2023CA000042,68,8,A
P005,2023CA000043,99,8,A
P005,2023CA000044,98,8,A
P005,2023CA000045,97,8,A
P006,2023CA000002,87,8,A
P006,2023CA000003,86,8,A
P006,2023CA000004,85,8,A
P006,2023CA000005,84,8,A
P006,2023CA000006,83,8,A
P006,2023CA000012,75,8,A
P006,2023CA000013,74,8,A
P006,2023CA000014,73,8,A
P006,2023CA000015,72,8,A
P006,2023CA000016,71,8,A
P006,2023CA000022,95,8,A
P006,2023CA000023,94,8,A
P006,2023CA000024,93,8,A
P006,2023CA000025,92,8,A
P006,2023CA000026,91,8,A
P006,2023CA000032,83,8,A
P006,2023CA000033,82,8,A
P006,2023CA000034,81,8,A
P006,2023CA000035,80,8,A
P006,2023CA000036,79,8,A
P006,2023CA000042,71,8,A
P006,2023CA000043,70,8,A
P006,2023CA000044,69,8,A
P006,2023CA000045,68,8,A
P006,2023CA000046,99,8,A
SW01,C20230003,89,8,C
SW01,C20230004,88,8,C
SW01,C20230005,87,8,C
SW01,C20230006,86,8,C
SW01,C20230007,85,8,C
SW01,C20230013,77,8,C
SW01,C20230014,76,8,C
SW01,C20230015,75,8,C
SW01,C20230016,74,8,C
SW01,C20230017,73,8,C
SW01,C20230023,97,8,C
SW01,C20230024,96,8,C
SW01,C20230025,95,8,C
SW01,C20230026,94,8,C
SW01,C20230027,93,8,C
SW01,C20230033,85,8,C
SW01,C20230034,84,8,C
SW01,C20230035,83,8,C
SW01,C20230036,82,8,C
SW01,C20230037,81,8,C
SW01,C20230043,73,8,C
SW01,C20230044,72,8,C
SW01,C20230045,71,8,C
SW01,C20230046,70,8,C
SW01,C20230047,69,8,C
SW02,C20230004,91,8,C
SW02,C20230005,90,8,C
SW02,C20230006,89,8,C
SW02,C20230007,88,8,C
SW02,C20230008,87,8,C
SW02,C20230014,79,8,C
SW02,C20230015,78,8,C
SW02,C20230016,77,8,C
SW02,C20230017,76,8,C
SW02,C20230018,75,8,C
SW02,C20230024,99,8,C
SW02,C20230025,98,8,C
SW02,C20230026,97,8,C
SW02,C20230027,96,8,C
SW02,C20230028,95,8,C
SW02,C20230034,87,8,C
SW02,C20230035,86,8,C
SW02,C20230036,85,8,C
SW02,C20230037,84,8,C
SW02,C20230038,83,8,C
SW02,C20230044,75,8,C
SW02,C20230045,74,8,C
SW02,C20230046,73,8,C
SW02,C20230047,72,8,C
SW02,C20230048,71,8,C
SW03,C20230005,93,8,C
SW03,C20230006,92,8,C
SW03,C20230007,91,8,C
SW03,C20230008,90,8,C
SW03,C20230009,89,8,C
SW03,C20230015,81,8,C
SW03,C20230016,80,8,C
SW03,C20230017,79,8,C
SW03,C20230018,78,8,C
SW03,C20230019,77,8,C
SW03,C20230025,69,8,C
SW03,C20230026,68,8,C
SW03,C20230027,99,8,C
SW03,C20230028,98,8,C
SW03,C20230029,97,8,C
SW03,C20230035,89,8,C
SW03,C20230036,88,8,C
SW03,C20230037,87,8,C
SW03,C20230038,86,8,C
SW03,C20230039,85,8,C
SW03,C20230045,77,8,C
SW03,C20230046,76,8,C
SW03,C20230047,75,8,C
SW03,C20230048,74,8,C
SW03,C20230049,73,8,C
SW04,C20230006,95,8,C
SW04,C20230007,94,8,C
SW04,C20230008,93,8,C
SW04,C20230009,92,8,C
SW04,C20230010,91,8,C
SW04,C20230016,83,8,C
SW04,C20230017,82,8,C
SW04,C20230018,81,8,C
SW04,C20230019,80,8,C
SW04,C20230020,79,8,C
SW04,C20230026,71,8,C
SW04,C20230027,70,8,C
SW04,C20230028,69,8,C
SW04,C20230029,68,8,C
SW04,C20230030,99,8,C
SW04,C20230036,91,8,C
SW04,C20230037,90,8,C
SW04,C20230038,89,8,C
SW04,C20230039,88,8,C
SW04,C20230040,87,8,C
SW04,C20230046,79,8,C
SW04,C20230047,78,8,C
SW04,C20230048,77,8,C
SW04,C20230049,76,8,C
SW04,C20230050,75,8,C
B-C001,B2024001,78,9,B
B-C001,B2024002,71,9,B
B-C001,B2024003,58,9,B
B-C001,B2024004,66,9,B
B-C001,B2024005,71,9,B
B-C001,B2024006,70,9,B
B-C001,B2024007,65,9,B
B-C001,B2024008,52,9,B
B-C001,B2024009,59,9,B
B-C001,B2024010,58,9,B
B-C001,B2024011,57,9,B
B-C001,B2024012,85,9,B
B-C001,B2024013,78,9,B
B-C001,B2024014,71,9,B
B-C001,B2024015,80,9,B
B-C001,B2024016,76,9,B
B-C001,B2024017,81,9,B
B-C001,B2024018,74,9,B
B-C001,B2024019,86,9,B
B-C001,B2024020,70,9,B
B-C001,B2024021,68,9,B
B-C001,B2024022,83,9,B
B-C001,B2024023,60,9,B
B-C001,B2024024,77,9,B
B-C001,B2024025,63,9,B
B-C001,B2024026,74,9,B
B-C001,B2024027,91,9,B
B-C001,B2024028,65,9,B
B-C001,B2024029,73,9,B
B-C001,B2024030,83,9,B
B-C001,B2024031,60,9,B
B-C001,B2024032,68,9,B
B-C001,B2024033,84,9,B
B-C001,B2024034,74,9,B
B-C001,B2024035,74,9,B
B-C001,B2024036,82,9,B
B-C001,B2024037,76,9,B
B-C001,B2024038,80,9,B
B-C001,B2024039,65,9,B
B-C001,B2024040,80,9,B
B-C001,B2024041,78,9,B
B-C001,B2024042,71,9,B
B-C001,B2024043,89,9,B
B-C001,B2024044,81,9,B
B-C001,B2024045,53,9,B
B-C001,B2024046,64,9,B
B-C001,B2024047,79,9,B
B-C001,B2024048,94,9,B
B-C001,B2024049,87,9,B
B-C001,B2024050,65,9,B
B-C002,B2024001,84,9,B
B-C002,B2024002,80,9,B
B-C002,B2024003,78,9,B
B-C002,B2024004,52,9,B
B-C002,B2024005,63,9,B
B-C002,B2024006,92,9,B
B-C002,B2024007,70,9,B
B-C002,B2024008,70,9,B
B-C002,B2024009,92,9,B
B-C002,B2024010,93,9,B
B-C002,B2024011,81,9,B
B-C002,B2024012,84,9,B
B-C002,B2024013,88,9,B
B-C002,B2024014,72,9,B
B-C002,B2024015,75,9,B
B-C002,B2024016,64,9,B
B-C002,B2024017,87,9,B
B-C002,B2024018,88,9,B
B-C002,B2024019,66,9,B
B-C002,B2024020,88,9,B
B-C002,B2024021,82,9,B
B-C002,B2024022,82,9,B
B-C002,B2024023,59,9,B
B-C002,B2024024,70,9,B
B-C002,B2024025,66,9,B
B-C002,B2024026,75,9,B
B-C002,B2024027,74,9,B
B-C002,B2024028,87,9,B
B-C002,B2024029,88,9,B
B-C002,B2024030,60,9,B
B-C002,B2024031,86,9,B
B-C002,B2024032,65,9,B
B-C002,B2024033,63,9,B
B-C002,B2024034,87,9,B
B-C002,B2024035,67,9,B
B-C002,B2024036,54,9,B
B-C002,B2024037,78,9,B
B-C002,B2024038,87,9,B
B-C002,B2024039,80,9,B
B-C002,B2024040,72,9,B
B-C002,B2024041,74,9,B
B-C002,B2024042,88,9,B
B-C002,B2024043,60,9,B
B-C002,B2024044,81,9,B
B-C002,B2024045,50,9,B
B-C002,B2024046,64,9,B
B-C002,B2024047,86,9,B
B-C002,B2024048,63,9,B
B-C002,B2024049,70,9,B
B-C002,B2024050,94,9,B
B-C003,B2024001,91,9,B
B-C003,B2024002,76,9,B
B-C003,B2024003,54,9,B
B-C003,B2024004,58,9,B
B-C003,B2024005,56,9,B
B-C003,B2024006,78,9,B
B-C003,B2024007,95,9,B
B-C003,B2024008,63,9,B
B-C003,B2024009,78,9,B
B-C003,B2024010,75,9,B
B-C003,B2024011,64,9,B
B-C003,B2024012,51,9,B
B-C003,B2024013,66,9,B
B-C003,B2024014,87,9,B
B-C003,B2024015,80,9,B
B-C003,B2024016,69,9,B
B-C003,B2024017,65,9,B
B-C003,B2024018,83,9,B
B-C003,B2024019,79,9,B
B-C003,B2024020,88,9,B
B-C003,B2024021,80,9,B
B-C003,B2024022,73,9,B
B-C003,B2024023,68,9,B
B-C003,B2024024,89,9,B
B-C003,B2024025,88,9,B
B-C003,B2024026,73,9,B
B-C003,B2024027,66,9,B
B-C003,B2024028,87,9,B
B-C003,B2024029,67,9,B
B-C003,B2024030,70,9,B
B-C003,B2024031,79,9,B
B-C003,B2024032,73,9,B
B-C003,B2024033,87,9,B
B-C003,B2024034,88,9,B
B-C003,B2024035,80,9,B
B-C003,B2024036,71,9,B
B-C003,B2024037,94,9,B
B-C003,B2024038,89,9,B
B-C003,B2024039,73,9,B
B-C003,B2024040,66,9,B
B-C003,B2024041,74,9,B
B-C003,B2024042,78,9,B
B-C003,B2024043,68,9,B
B-C003,B2024044,71,9,B
B-C003,B2024045,87,9,B
B-C003,B2024046,75,9,B
B-C003,B2024047,75,9,B
B-C003,B2024048,77,9,B
B-C003,B2024049,74,9,B
B-C003,B2024050,84,9,B
B-C004,B2024001,83,9,B
B-C004,B2024002,79,9,B
B-C004,B2024003,86,9,B
B-C004,B2024004,52,9,B
B-C004,B2024005,78,9,B
B-C004,B2024006,86,9,B
B-C004,B2024007,88,9,B
B-C004,B2024008,75,9,B
B-C004,B2024009,76,9,B
B-C004,B2024010,86,9,B
B-C004,B2024011,71,9,B
B-C004,B2024012,87,9,B
B-C004,B2024013,91,9,B
B-C004,B2024014,69,9,B
B-C004,B2024015,82,9,B
B-C004,B2024016,62,9,B
B-C004,B2024017,88,9,B
B-C004,B2024018,81,9,B
B-C004,B2024019,53,9,B
B-C004,B2024020,79,9,B
B-C004,B2024021,78,9,B
B-C004,B2024022,66,9,B
B-C004,B2024023,91,9,B
B-C004,B2024024,92,9,B
B-C004,B2024025,79,9,B
B-C004,B2024026,57,9,B
B-C004,B2024027,95,9,B
B-C004,B2024028,79,9,B
B-C004,B2024029,74,9,B
B-C004,B2024030,95,9,B
B-C004,B2024031,66,9,B
B-C004,B2024032,77,9,B
B-C004,B2024033,84,9,B
B-C004,B2024034,60,9,B
B-C004,B2024035,87,9,B
B-C004,B2024036,84,9,B
B-C004,B2024037,94,9,B
B-C004,B2024038,77,9,B
B-C004,B2024039,61,9,B
B-C004,B2024040,87,9,B
B-C004,B2024041,90,9,B
B-C004,B2024042,69,9,B
B-C004,B2024043,84,9,B
B-C004,B2024044,60,9,B
B-C004,B2024045,64,9,B
B-C004,B2024046,91,9,B
B-C004,B2024047,94,9,B
B-C004,B2024048,80,9,B
B-C004,B2024049,81,9,B
B-C004,B2024050,74,9,B
B-C005,B2024001,81,9,B
B-C005,B2024002,70,9,B
B-C005,B2024003,64,9,B
B-C005,B2024004,92,9,B
B-C005,B2024005,63,9,B
B-C005,B2024006,64,9,B
B-C005,B2024007,70,9,B
B-C005,B2024008,84,9,B
B-C005,B2024009,52,9,B
B-C005,B2024010,77,9,B
B-C005,B2024011,54,9,B
B-C005,B2024012,75,9,B
B-C005,B2024013,91,9,B
B-C005,B2024014,61,9,B
B-C005,B2024015,83,9,B
B-C005,B2024016,54,9,B
B-C005,B2024017,95,9,B
B-C005,B2024018,62,9,B
B-C005,B2024019,64,9,B
B-C005,B2024020,65,9,B
B-C005,B2024021,77,9,B
B-C005,B2024022,61,9,B
B-C005,B2024023,81,9,B
B-C005,B2024024,63,9,B
B-C005,B2024025,83,9,B
B-C005,B2024026,92,9,B
B-C005,B2024027,81,9,B
B-C005,B2024028,79,9,B
B-C005,B2024029,88,9,B
B-C005,B2024030,50,9,B
B-C005,B2024031,84,9,B
B-C005,B2024032,74,9,B
B-C005,B2024033,73,9,B
B-C005,B2024034,77,9,B
B-C005,B2024035,82,9,B
B-C005,B2024036,60,9,B
B-C005,B2024037,65,9,B
B-C005,B2024038,60,9,B
B-C005,B2024039,86,9,B
B-C005,B2024040,93,9,B
B-C005,B2024041,71,9,B
B-C005,B2024042,54,9,B
B-C005,B2024043,81,9,B
B-C005,B2024044,65,9,B
B-C005,B2024045,61,9,B
B-C005,B2024046,95,9,B
B-C005,B2024047,61,9,B
B-C005,B2024048,95,9,B
B-C005,B2024049,95,9,B
B-C005,B2024050,84,9,B
C-C001,C2024001,63,9,C
C-C001,C2024002,84,9,C
C-C001,C2024003,82,9,C
C-C001,C2024004,86,9,C
C-C001,C2024005,63,9,C
C-C001,C2024006,78,9,C
C-C001,C2024007,53,9,C
C-C001,C2024008,60,9,C
C-C001,C2024009,87,9,C
C-C001,C2024010,77,9,C
C-C001,C2024011,73,9,C
C-C001,C2024012,62,9,C
C-C001,C2024013,52,9,C
C-C001,C2024014,93,9,C
C-C001,C2024015,90,9,C
C-C001,C2024016,57,9,C
C-C001,C2024017,92,9,C
C-C001,C2024018,81,9,C
C-C001,C2024019,67,9,C
C-C001,C2024020,82,9,C
C-C001,C2024021,76,9,C
C-C001,C2024022,63,9,C
C-C001,C2024023,67,9,C
C-C001,C2024024,66,9,C
C-C001,C2024025,76,9,C
C-C001,C2024026,74,9,C
C-C001,C2024027,77,9,C
C-C001,C2024028,70,9,C
C-C001,C2024029,69,9,C
C-C001,C2024030,84,9,C
C-C001,C2024031,71,9,C
C-C001,C2024032,89,9,C
C-C001,C2024033,81,9,C
C-C001,C2024034,85,9,C
C-C001,C2024035,58,9,C
C-C001,C2024036,73,9,C
C-C001,C2024037,57,9,C
C-C001,C2024038,91,9,C
C-C001,C2024039,87,9,C
C-C001,C2024040,75,9,C
C-C001,C2024041,85,9,C
C-C001,C2024042,71,9,C
C-C001,C2024043,89,9,C
C-C001,C2024044,94,9,C
C-C001,C2024045,66,9,C
C-C001,C2024046,70,9,C
C-C001,C2024047,60,9,C
C-C001,C2024048,68,9,C
C-C001,C2024049,79,9,C
C-C001,C2024050,79,9,C
C-C002,C2024001,65,9,C
C-C002,C2024002,55,9,C
C-C002,C2024003,64,9,C
C-C002,C2024004,72,9,C
C-C002,C2024005,79,9,C
C-C002,C2024006,67,9,C
C-C002,C2024007,59,9,C
C-C002,C2024008,65,9,C
C-C002,C2024009,91,9,C
C-C002,C2024010,92,9,C
C-C002,C2024011,90,9,C
C-C002,C2024012,93,9,C
C-C002,C2024013,92,9,C
C-C002,C2024014,71,9,C
C-C002,C2024015,75,9,C
C-C002,C2024016,58,9,C
C-C002,C2024017,65,9,C
C-C002,C2024018,74,9,C
C-C002,C2024019,69,9,C
C-C002,C2024020,65,9,C
C-C002,C2024021,85,9,C
C-C002,C2024022,91,9,C
C-C002,C2024023,73,9,C
C-C002,C2024024,92,9,C
C-C002,C2024025,81,9,C
C-C002,C2024026,55,9,C
C-C002,C2024027,65,9,C
C-C002,C2024028,84,9,C
C-C002,C2024029,89,9,C
C-C002,C2024030,67,9,C
C-C002,C2024031,82,9,C
C-C002,C2024032,93,9,C
C-C002,C2024033,75,9,C
C-C002,C2024034,71,9,C
C-C002,C2024035,87,9,C
C-C002,C2024036,79,9,C
C-C002,C2024037,53,9,C
C-C002,C2024038,67,9,C
C-C002,C2024039,63,9,C
C-C002,C2024040,84,9,C
C-C002,C2024041,72,9,C
C-C002,C2024042,69,9,C
C-C002,C2024043,86,9,C
C-C002,C2024044,93,9,C
C-C002,C2024045,94,9,C
C-C002,C2024046,52,9,C
C-C002,C2024047,89,9,C
C-C002,C2024048,86,9,C
C-C002,C2024049,90,9,C
C-C002,C2024050,82,9,C
C-C003,C2024001,78,9,C
C-C003,C2024002,79,9,C
C-C003,C2024003,51,9,C
C-C003,C2024004,83,9,C
C-C003,C2024005,79,9,C
C-C003,C2024006,87,9,C
C-C003,C2024007,70,9,C
C-C003,C2024008,69,9,C
C-C003,C2024009,60,9,C
C-C003,C2024010,52,9,C
C-C003,C2024011,72,9,C
C-C003,C2024012,85,9,C
C-C003,C2024013,75,9,C
C-C003,C2024014,67,9,C
C-C003,C2024015,72,9,C
C-C003,C2024016,76,9,C
C-C003,C2024017,62,9,C
C-C003,C2024018,69,9,C
C-C003,C2024019,70,9,C
C-C003,C2024020,75,9,C
C-C003,C2024021,80,9,C
C-C003,C2024022,57,9,C
C-C003,C2024023,62,9,C
C-C003,C2024024,59,9,C
C-C003,C2024025,58,9,C
C-C003,C2024026,93,9,C
C-C003,C2024027,71,9,C
C-C003,C2024028,82,9,C
C-C003,C2024029,77,9,C
C-C003,C2024030,63,9,C
C-C003,C2024031,70,9,C
C-C003,C2024032,77,9,C
C-C003,C2024033,67,9,C
C-C003,C2024034,94,9,C
C-C003,C2024035,74,9,C
C-C003,C2024036,78,9,C
C-C003,C2024037,72,9,C
C-C003,C2024038,92,9,C
C-C003,C2024039,91,9,C
C-C003,C2024040,60,9,C
C-C003,C2024041,80,9,C
C-C003,C2024042,60,9,C
C-C003,C2024043,67,9,C
C-C003,C2024044,84,9,C
C-C003,C2024045,59,9,C
C-C003,C2024046,66,9,C
C-C003,C2024047,63,9,C
C-C003,C2024048,57,9,C
C-C003,C2024049,89,9,C
C-C003,C2024050,66,9,C
C-C004,C2024001,65,9,C
C-C004,C2024002,72,9,C
C-C004,C2024003,88,9,C
C-C004,C2024004,52,9,C
C-C004,C2024005,55,9,C
C-C004,C2024006,77,9,C
C-C004,C2024007,89,9,C
C-C004,C2024008,66,9,C
C-C004,C2024009,65,9,C
C-C004,C2024010,56,9,C
C-C004,C2024011,61,9,C
C-C004,C2024012,61,9,C
C-C004,C2024013,93,9,C
C-C004,C2024014,82,9,C
C-C004,C2024015,76,9,C
C-C004,C2024016,59,9,C
C-C004,C2024017,73,9,C
C-C004,C2024018,83,9,C
C-C004,C2024019,71,9,C
C-C004,C2024020,61,9,C
C-C004,C2024021,93,9,C
C-C004,C2024022,87,9,C
C-C004,C2024023,61,9,C
C-C004,C2024024,70,9,C
C-C004,C2024025,61,9,C
C-C004,C2024026,61,9,C
C-C004,C2024027,88,9,C
C-C004,C2024028,74,9,C
C-C004,C2024029,61,9,C
C-C004,C2024030,51,9,C
C-C004,C2024031,79,9,C
C-C004,C2024032,61,9,C
C-C004,C2024033,61,9,C
C-C004,C2024034,84,9,C
C-C004,C2024035,86,9,C
C-C004,C2024036,90,9,C
C-C004,C2024037,61,9,C
C-C004,C2024038,62,9,C
C-C004,C2024039,92,9,C
C-C004,C2024040,71,9,C
C-C004,C2024041,86,9,C
C-C004,C2024042,63,9,C
C-C004,C2024043,74,9,C
C-C004,C2024044,92,9,C
C-C004,C2024045,79,9,C
C-C004,C2024046,60,9,C
C-C004,C2024047,91,9,C
C-C004,C2024048,92,9,C
C-C004,C2024049,60,9,C
C-C004,C2024050,59,9,C
C-C005,C2024001,85,9,C
C-C005,C2024002,83,9,C
C-C005,C2024003,93,9,C
C-C005,C2024004,57,9,C
C-C005,C2024005,55,9,C
C-C005,C2024006,95,9,C
C-C005,C2024007,81,9,C
C-C005,C2024008,70,9,C
C-C005,C2024009,67,9,C
C-C005,C2024010,73,9,C
C-C005,C2024011,75,9,C
C-C005,C2024012,65,9,C
C-C005,C2024013,75,9,C
C-C005,C2024014,70,9,C
C-C005,C2024015,73,9,C
C-C005,C2024016,82,9,C
C-C005,C2024017,81,9,C
C-C005,C2024018,81,9,C
C-C005,C2024019,91,9,C
C-C005,C2024020,91,9,C
C-C005,C2024021,62,9,C
C-C005,C2024022,63,9,C
C-C005,C2024023,50,9,C
C-C005,C2024024,67,9,C
C-C005,C2024025,80,9,C
C-C005,C2024026,76,9,C
C-C005,C2024027,63,9,C
C-C005,C2024028,76,9,C
C-C005,C2024029,94,9,C
C-C005,C2024030,82,9,C
C-C005,C2024031,77,9,C
C-C005,C2024032,83,9,C
C-C005,C2024033,56,9,C
C-C005,C2024034,62,9,C
C-C005,C2024035,67,9,C
C-C005,C2024036,93,9,C
C-C005,C2024037,88,9,C
C-C005,C2024038,83,9,C
C-C005,C2024039,69,9,C
C-C005,C2024040,83,9,C
C-C005,C2024041,68,9,C
C-C005,C2024042,55,9,C
C-C005,C2024043,70,9,C
C-C005,C2024044,87,9,C
C-C005,C2024045,74,9,C
C-C005,C2024046,92,9,C
C-C005,C2024047,75,9,C
C-C005,C2024048,60,9,C
C-C005,C2024049,56,9,C
C-C005,C2024050,65,9,C
